Product ID,Short Description,Cost
DCCUDEL11353DI3BX001,Vostro 3530/Core i3-1305U/8GB/512GB SSD/15.6" FHD/Intel UHD/Cam & Mic/WLAN + BT/US ENG Kb/3 Cell/Ubuntu/ 1 Yr PS NBD,310
DCCJDEL11353DI5BX001,"VOSTRO 3530,I5-1334U,8GB,512GB SSD, 15.6"" FHD 120Hz/Intel HD/FHD Cam/Mic/WLAN + BT/Kb/3 Cell/Ubuntu ,ENG KB,DOS,1YR",430
DCCUDEL11353DI5BX001,Vostro 3530/Core i5-1334U/8GB/512GB SSD/15.6" FHD 120Hz/Intel HD/FHD Cam/Mic/WLAN + BT/Kb/3 Cell/Ubuntu,430
DCCJDEL11353DI7BX001,"VOSTRO 3530,I7-1355U,8GB DDR4,512GB SSD,E/A KB,DOS,1YR PS",525
DCCUDEL11353DI7BX001,"VOSTRO 3530,I7-1355U,8GB,512GB SSD,ENGLISH KB,DOS,1YR NBD PS",525
DCCUDEL11345DI5BX001,"LATITUDE 3450,I5-1335U,8GB, 512GB SSD Class 35 SSD Hard Drive, BKLT US EN KB,Ubuntu, 14.0'' FHD (1920x1080)  AG Non-Touch, 220nits, Camera & Microphone , WLAN Capable, 3 Cell 41Whr Battery, WLAN Intel AX201NT, FPR, WLAN + BT /FPR/English Keyboard USA Layout 1YR NBD PS",650
DCCUDEL11345DI5BX002,"LATITUDE 3450,I5-1335U,8GB, 512GB SSD Class 35 SSD Hard Drive, BKLT US EN KB,Ubuntu, 14.0'' FHD (1920x1080)  AG Non-Touch, 220nits, Camera & Microphone , WLAN Capable, 3 Cell 41Whr Battery, WLAN Intel AX201NT, FPR, WLAN + BT /FPR/English / Arabic Keyboard USA Layout 1YR NBD PS",650
DCCUDEL11345DI7BX001,"Dell Latitude 3450, i7-1335U, 8GB DDR5, 512GB M.2 PCIe NVMe SSD, 14.0"" FHD, Intel Iris Xe, Finger Print Reader, FHD Cam, MIC,WLAN + BT, US English Backlit Keyboard, 3 Cell, Ubuntu, 1 Year ProSupport",750
DCCUDEL11345DI7BX002,"Dell Latitude 3450, i7-1335U, 8GB DDR5, 512GB M.2 PCIe NVMe SSD, 14.0"" FHD, Intel Iris Xe, Finger Print Reader, FHD Cam, MIC,WLAN + BT, US English / Arabic Backlit Keyboard, 3 Cell, Ubuntu, 1 Year ProSupport",750
DCCUDEL11355DI5BX001,"LATITUDE 3550, I5-1335U,8GB, 512GB SSD Class 35 SSD Hard Drive, BKLT US EN KB,Ubuntu, 15.6'' FHD (1920x1080)  AG Non-Touch, 220nits, Camera & Microphone , WLAN Capable, 3 Cell 41Whr Battery, WLAN Intel AX201NT, FPR, WLAN + BT /FPR/English Keyboard USA Layout 1YR NBD PS",650
DCCUDEL11355DI5BX002,"LATITUDE 3550, I5-1335U,8GB, 512GB SSD Class 35 SSD Hard Drive, BKLT US EN KB,Ubuntu, 15.6'' FHD (1920x1080)  AG Non-Touch, 220nits, Camera & Microphone , WLAN Capable, 3 Cell 41Whr Battery, WLAN Intel AX201NT, FPR, WLAN + BT /FPR/English / Arabic Keyboard USA Layout 1YR NBD PS",650
DCCXDEL11355DI5BX001,"LATITUDE 3550, I5-1335U,8GB, 512GB SSD Class 35 SSD Hard Drive, BKLT US EN KB,Ubuntu, 15.6'' FHD (1920x1080)  AG Non-Touch, 220nits, Camera & Microphone , WLAN Capable, 3 Cell 41Whr Battery, WLAN Intel AX201NT, FPR, WLAN + BT /FPR/English Keyboard USA Layout 1YR NBD PS",650
DCCUDEL11355DI7BX001,"Dell Latitude 3550, i7-1335U, 8GB DDR5, 512GB M.2 PCIe NVMe SSD, 15.6” FHD, Intel Iris Xe, Finger Print Reader, FHD Cam, MIC,WLAN + BT, US English Backlit Keyboard, 3 Cell, Ubuntu, 1 Year ProSupport",750
DCCUDEL11355DI7BX002,"Dell Latitude 3550, i7-1335U, 8GB DDR5, 512GB M.2 PCIe NVMe SSD, 15.6” FHD, Intel Iris Xe, Finger Print Reader, FHD Cam, MIC,WLAN + BT,  English/ Arabic Backlit Keyboard, 3 Cell, Ubuntu, 1 Year ProSupport",750
DCCXDEL11745WU7BX001,"DELL LATITUDE 7450 TOUCH,ULTRA 7 165U VPRO, Processor, 16GB LPDDR5, 4800 MT/s, 256GB, M.2 2230, TLC PCIe Gen  4 NVMe, SSD (1920x1200) AG, ULTRALIGHT Laptop 14.0"", Touch , QHD+ (2560x1600), IPS, AG, v ComfView+, 400 nit, 5MP IR Cam, Fingerprint Reader, Collaborat ion Touchpad, WWAN, Ultralight, English battery-saving mini LED backlit keyboard, Windows 11 Pro, Microsoft Office 30 Day Trial - Excludes Office License, 3 Years NBD PS",1300
"Dell PRO Laptops 13,14,16 PLUS (**NEW**)",,
DCCUDEL11P14DU4BX001,"DELL PRO 14 PLUS XCTO U5-235U VPRO, 16GB: 2 x 8GB, 1TB SSD, 14"", Non-Touch, FHD HDR RGB Camera,Fingerprint Reader, English backlit KB, 3-cell,DOS,3YR PS",1100
DCCUDEL11P16DU5BX001,"DELL PRO 16 PLUS XCTO U5-235U VPRO, 16GB: 2 x 8GB, 1TB SSD, 16"", Non-Touch, FHD HDR RGB Camera, , Fingerprint Reader, English backlit KB, 3-cell,DOS,3YR PS",1100
DCCUDEL11P16DU7BX001,"DELL PRO 16 PLUS XCTO U7-265U VPRO,  16GB: 1 x 16GB, 512GB SSD, 16"", Non-Touch, FHD HDR RGB Camera, Arabic backlit KB, Fingerprint Reader,3-cell,DOS,3YR PS",1350
DCCUDEL11P14DU7BX003,"DELL PRO 14 PLUS XCTO U7-265U VPRO, 16GB: 1 x 16GB, 1TB SSD, 14"", Non-Touch, FHD HDR RGB Camera, Fingerprint Reader, English backlit KB, 3-cell,DOS,3YR PS",1350
DCCUDEL11P13DU7BX002,"DELL PRO 13 PLUS XCTO Ultra 7-265U VPRO, 32GB: 2 x 16GB,1TB SSD, 13.3"", Touch, FHD HDR + IR Camera, Fingerprint Reader, English backlit KB, 3-cell,DOS,3YR PS",1600
DCCUDEL11P13DU7BX001,"DELL PRO 13 PLUS XCTO Ultra 7 265U V Pro, 32 GB: 2 x 16 GB, , 1 TB SSD, 13.3"", Touch, FHD HDR + IR Camera, Fingerprint Reader, 3-cell, Arabic backlit KB,DOS,3YR PS",1600
DCCUDEL11P14DU7BX002,"DELL PRO 14 PLUS XCTO Ultra 7-265U VPRO, 32GB: 1 x 32GB, 1TB SSD, 14"", Touch, 5MP HDR + IR Camera, Fingerprint Reader, English backlit KB, 3-cell,DOS,3YR PS",1600
DCCUDEL11P14DU7BX001,"DELL PRO 14 PLUS XCTO Ultra 7-265U VPRO, 32GB: 1 x 32GB, 1TB SSD, 14"", Touch, 5MP HDR + IR Camera, Fingerprint Reader, 3-cell, Arabic backlit KB,DOS,3 YR PS",1600
DELL Mobile Workstation ,,
DCCUDEL11M54WU7BX001,"Dell Mobile Precision Workstation 5490 Intel Core Ultra 7 155H vPro Essentials Processor,16 GB: LPDDR5x, 7467 MT/s, dual-channel (onboard),512GB, M.2 2280, Gen4 PCIe NVMe, SSD,Nvidia RTX 1000 Ada Generation, 6 GB GDDR6,14"" FHD+ Non-touch, 1920 x 1200, 60Hz, 500 nits, WLED, 100% sRGB, Low Blue Light, IR Camera and Mic,Arabic Backlight Keyboard with fingerprint reader & AI hotkey,Windows 11 Pro,3YRS Pro Support",2575
DCCUDEL55DOC000RT003,( 210-AZBU ) DELL DOCK WD19S 180W  ,220
DELL VOSTRO  3030,,
DAAUDEL11303DI3BX002,"VOSTRO 3030 MT,I3-12100,8GB,512GB SSD,INTEL UHD 730,NO DVD,ENG KB,DOS,1YR PS NBD",350
DELL Optiplex 7020 PCs MTs,,
DAAUDEL11702DI3BX005,"OptiPlex 7020 MT  Intel Core i3-12100  , 8GB DDR5 Memory, 512GB SSD, Integrated, Wi-Fi and BT, No DVD RW,  Dell Multimedia Keyboard-KB216 - English – Black, Dell Optical Mouse-MS116 - Black ,  Ubuntu Linux 22.04 ,1 ProSupport and Next Business Day Onsite Service",375
DAAUDEL11702DI5BX007,"OptiPlex 7020 MT  Intel Core i5-12500  , 8GB DDR5 Memory, 512GB SSD, Integrated, Wi-Fi and BT, No DVD RW,  Dell Multimedia Keyboard-KB216 - Arabic (QWERTY) – Black, Dell Optical Mouse-MS116 - Black ,  Ubuntu Linux 22.04 ,1 ProSupport and Next Business Day Onsite Service",450
DAAUDEL11702DI7BX007,"OptiPlex 7020 MT PLUS Intel Core i7-14700 vPro , 8GB DDR5 Memory, 512GB SSD, Integrated, Wi-Fi and BT, No DVD RW,  Dell Multimedia Keyboard-KB216 - Arabic (QWERTY) – Black, Dell Optical Mouse-MS116 - Black ,  Ubuntu Linux 22.04 ,1 ProSupport and Next Business Day Onsite Service",680
DAAUDEL11702DI7BX003,"OptiPlex 7020 MT PLUS Intel Core i7-14700 vPro , 8GB DDR5 Memory, 512GB SSD, Integrated, Wi-Fi and BT, No DVD RW,  Dell Multimedia Keyboard-KB216 - English (QWERTY) – Black, Dell Optical Mouse-MS116 - Black ,  Ubuntu Linux 22.04 ,1 ProSupport and Next Business Day Onsite Service",680
DAAUDEL11702DI7BX008,"OptiPlex 7020 MT PLUS Intel Core i7-14700 vPro , 16GB DDR5 Memory, 512GB SSD, Integrated, Wi-Fi and BT, No DVD RW,  Dell Multimedia Keyboard-KB216 - English (QWERTY) – Black, Dell Optical Mouse-MS116 - Black ,  Ubuntu Linux 22.04 ,1 ProSupport and Next Business Day Onsite Service",700
DELL Optiplex 7020 PCs SFF,,
DAAUDEL11702DI5BX004,"OptiPlex 7020 SFF  Intel Core i5-14500 vPro , 2 x 8GB DDR5 Memory,  1TB SSD, Integrated, Wi-Fi and BT, No DVD RW,  Dell Multimedia Keyboard-KB216 - Arabic (QWERTY) – Black, Dell Optical Mouse-MS116 - Black ,  Ubuntu Linux 22.04 ,3 ProSupport and Next Business Day Onsite Service",800
AA-GEN3300069,SAMSUNG 16GB DDR5 PC5600 FOR DESKTOP,70
YY-GEN5500058,DELL WIRELESS COMBO KM3322W,30
DAAUDEL55KBM000BX002,DELL KB212/KB216 USB KEYBOARD,12
DBBXDEL11E20000BX002,"Dell 20 Monitor – E2020H - 49.5 cm (19.5"") Black, 1YR WUE",80
BB-DEL1100169,"( 210-AUXD ) DELL E2222H 21.5"" (54.68cm) (1920x1080),VGA,DP,HDCP,1YR",90
BBJDEL1100005,210-AZZG - MNT-DELL-E2223HN-54.48CM-21.5-UK-3Y,90
BB-DEL1100122,Dell Monitor SE2225H 54.5CM 21.6"   NEW ,85
BB-DEL1100119,"DELL  - P2225H 54.6cm (21.5"") 18.74"" x 10.54"" DP HDMI, VGA port, Black 3 years NEW ",140
BB-DEL1100110,DELL-24-SE2425H-60.5CM-(23.8’’) NEW ,100
BB-DEL1100130,DELL E2425H Monitor 60.5CM-(23.8’’) NEW ,110
BB-DEL1100011,"Dell Professional P2422H 60.47cm(23.8"")  LED monitor DP,HDMI,VGA  (1920x1080) Black UK, 3 years ",160
DBBUDEL11P24000BX007,"DELL 24 MONITOR - P2425H, 60.5CM (23.8"") - NEW ",180
DBBUDEL11P24000BX008,"Dell 24 Video Conferencing Monitor - P2424HEB,  60.47cm (23.8"") - NEW ",400
BB-DEL1100156,MNT-DELL-P2422HE-60.5CM-23.8-UK-3Y,210
BB-DEL1100115,Dell U2422HE 60.47cm (23.8") UltraSharp 24 USB-C Hub Monitor,270
BB-DEL1100100,"210-AYUI-3Y -Dell U2422H 60.47cm (23.8""), 3Y Whole Unit Exchange",200
BB-DEL1100016,"DELL P2424HT TOUCH  HDMI, DisplayPort, ",350
DBBUDEL11C24000BX002,"DELL C2423H - 60.47CM (23.8"") VIDEO CONFERENCING MONITOR,3YRS WUE  NEW ",350
BB-DEL1100131,Dell 27 Monitor – E2725H – 68.6 cm (27") NEW ,120
BB-DEL1100135,"210-AXKX -MNT-DELL-27 S2721D-68.47C, QHD MonitorSecurity lock slot, HDMI, DisplayPort, Speakers",250
BB-DEL1100109,"Dell LED  SE2725H  68.6cm(27"") Monitor, HDMI, VGA NEW",120
DBBUDEL11P27000BX009,"DELL P2725H, 68.6CM 27 INCH MONITOR, 3YRS NEW",190
DBBUDEL11P27000BX007,"Dell 27 USB-C Hub Monitor - P2725HE, 68.6cm (27.0"") - NEW",250
DBBUDEL11U27000BX005,"210-BKVB - Dell Ultra Sharp 27 Monitor - U2724D, 68.47cm (27""), 3 yrs WUE NEW",390
DBBUDEL11U27000BX003,MNT-DELL-U2723QE-68.47CM-27-USB-C-UK-3Y NEW,575
DBBUDEL11P27000BX004,DELL 27 4K USB-C HUB MONITOR-P2723QE (210-BDFZ) NEW,450
DBBUDEL11U27000BX006,MNT-DELL-U2724DE-68.4CM-27-UK-3Y  NEW,500
DBBUDEL11S32000BX001,"Dell 32 Curved 4K UHD Monitor - S3221QSA - 80cm, 3Yr",390
BB-DEL1100171,P3424WEB Dell 34 Curved Video Conferencing Monitor -  3YRS,700
BB-DEL1100143,Dell 34 Curved Video Conferencing Monitor - C3422WE - 86.7cm (34.1") ,720
B2B,Dell UltraSharp 40 Curved WUHD Monitor - U4021QW - 100.8cm (39.7") ,1590
DBBUDEL11U49000BX002,MNT-DELL-U4924DW-124.5CM-49-BLACK-UK-3Y ,1250
BB-DEL1100147,Dell 55 4K Monitor | C5519QA - 139.7cm(55") Black,875
DBBUDEL11P75000BX001,MNT-DELL-P7524QT-189.3CM-74.52-UK-3Y,1000
AA-DEL5500002,(ACC-KB216-UK) KB216 MULTIMEDIA KEYBOARD (QWERTY),14
YY-GEN5500034,DELL MS116 USB MOUSE,10
YY-GEN5500058,Dell Wireless Keyboard and Mouse-KM3322 -Arabic,25
DYYUGEN55KBM000BX013,DELL Wireless Keyboar KEYBOARD + MOUSE KM5221W ARABIC/ENGLISH,30
TOWER SERVERS,,
DELL PE T150 & T160  (3.5" Chassis with up to 4 Hard Drives),,
DSSUDEL11T15000BX007,"PowerEdge T150 Motherboard with Broadcom 5720 Dual Port 1Gb On-Board LOM, PENTIUM G6405T, 3.5"" Chassis with up to 4 Hard Drives and Software RAID, 8GB UDIMM 3200MT/s ECC, 1 x 1TB 7.2K RPM SATA 6Gbps,  iDRAC9, Basic 15G, PS 1X600W, 1Yr Basic Warranty - Next Business Day (Emerging Only )",650
DSSUDEL11T15000BX006,"PowerEdge T150 Motherboard with Broadcom 5720 Dual Port 1Gb On-Board LOM, PENTIUM G6405T, 3.5"" Chassis with up to 4 Hard Drives and Software RAID, 16GB UDIMM 3200MT/s ECC, 1 x 1TB 7.2K RPM SATA 6Gbps,  iDRAC9, Basic 15G, PS 1X600W, 1Yr Basic Warranty - Next Business Day (Emerging Only )",720
DSSUDEL11T15000BX002,"PowerEdge T150 Motherboard with Broadcom 5720 Dual Port 1Gb On-Board LOM, Intel Xeon E-2314 2.8GHz 8M Cache 4C/4T Turbo (65W) 3200 MT/s, 3.5"" Chassis with up to 4 Hard Drives and Software RAID, 16GB UDIMM 3200MT/s ECC, 1 x 2TB 7.2K RPM SATA 6Gbps, TPM2.0 V3 ,iDRAC9, Basic 15G, 3Yr Basic Warranty - Next Business Day (Emerging Only )",920
DSSUDEL11T15000BX005,"PowerEdge T150 Motherboard with Broadcom 5720 Dual Port 1Gb On-Board LOM, Intel Xeon E-2324G  , 3.5"" Chassis with up to 4 Hard Drives and Software RAID, 16GB UDIMM 3200MT/s ECC, 1 x 2TB 7.2K RPM SATA 6Gbps, TPM2.0 V3 ,iDRAC9, Basic 15G, 3Yr Basic Warranty - Next Business Day (Emerging Only )",950
DSSXDEL11T16000BX001,"PowerEdge T160 Motherboard with Broadcom 5720 Dual Port 1Gb On-Board LOM, Intel Xeon E-2414  , 3.5"" Chassis with up to 4 Hard Drives and Software RAID, 16GB UDIMM 5600MT/s ECC, 1 x 2TB 7.2K RPM SATA 6Gbps, TPM2.0 V3 ,iDRAC9, Basic 15G, 3Yr Basic Warranty - Next Business Day (Emerging Only )",1100
DELL PE T350 & T360 (3.5" Chassis with up to 8 Hard Drives) ,,
DSSUDEL11T35000PH005,"PowerEdge T350 Motherboard with Broadcom 5720 Dual Port 1Gb On-Board LOM, Intel Xeon E-2314 2.8GHz 8M Cache 4C/4T Turbo (65W) 3200 MT/s, 3.5"" Chassis with up to 8 Hot Plug Hard Drives and AIC PERC hot-plug PSU, 16GB UDIMM 3200MT/s ECC, iDRAC9 Basic 15G, 2TB Hard Drive SATA 6Gbps 7.2K 512n 3.5in Hot-Plug, H755 Adapter , TPM2.0V3,  Single Hot-Plug Power Supply (1+0) 600W, 3Y Basic",1950
DSSUDEL11T36000BX004,"PowerEdge T360; 3.5"" Chassis with up to 8 Hot Plug Hard Drives and AIC PERC,   Intel Xeon E-2414 2.6G 4C/4T 12M Cache Turbo HT (55W); 16GB UDIMM, 3200MT/s, ECC; 2TB Hard Drive SATA 6Gbps 7.2K 512n 3.5in Hot-Plug; PERC H355 Adapter, Full Height;  iDRAC9, Express 15G ; Single  Hot-Plug Power Supply (1+0) 600W , 3Y Basic",1950
DSSUDEL11T36000BX003,"PowerEdge T360; 3.5"" Chassis with up to 8 Hot Plug Hard Drives and AIC PERC,   Intel Xeon E-2414 2.6G 4C/4T 12M Cache Turbo HT (55W); 16GB UDIMM, 3200MT/s, ECC; 2TB Hard Drive SATA 6Gbps 7.2K 512n 3.5in Hot-Plug; PERC H355 Adapter, Full Height;  iDRAC9, Express 15G ; Dual Hot-Plug Power Supply (1+1) 600W , 3Y Basic",2050
DSSUDEL11T36000BX005,"PowerEdge DELL T360 8X3.5"",E-2414,16GB UDIMM ,2TB SATA ,H755,5720,1X600W,3YRS BASIC",2200
 DELL PE T550 & T560 (3.5" Chassis with up to 8 Hard Drives) , DELL PE T550 (3.5" Chassis with up to 8 Hard Drives) * NEW *,
DSSSDEL11T55000BX001,"PowerEdge T550 Server: Chassis 8 x 3.5 HotPlug/Intel Xeon Silver 4310 2.1G, 12C/24T,/ 1x 16GB RDIMM, 3200MT/s, Dual Rank  /1x 480GB RI SSD SATA /DVD +/-RW, SATA, Internal /Broadcom 5720 Dual Port 1Gb On-Board LOM /PERC H755/Bezel /  iDRAC9, Enterprise 15G/Dual, Hot-Plug, Power Supply,(1+1) 700W/3Y Basic Onsite",3400
DSSUDEL11T55000BX002,"PowerEdge T550; 3.5"" Chassis with up to 8 Hard Drives (SAS/SATA);Intel Xeon Silver 4309Y 2.8G, 8C/16T, 10.4GT/s, 12M Cache, Turbo, HT (105W) DDR4-2666; 16GB RDIMM, 3200MT/s, Dual Rank; 2.4TB 10K RPM SAS ISE 12Gbps 512e 2.5in Hot-plug Hard Drive, 3.5in HYB CARR; PERC H755 SAS Front, iDRAC9, Enterprise 15G , TPM, Dual, Hot-Plug, Redundant Power Supply (1+1), 800W; BROADCOM 57416 DP 10GB Base T 3Yr ProSupport and NBD On-Site Service",3850
DSSUDEL11T56000BX001,"PowerEdge T560 Motherboard with Broadcom 5720 Dual Port 1Gb On-Board LOM, V2/8X3.5"" SAS/SATA, 1 CPU, PERC 11/Trusted Platform Module 2.0 V3/Intel Xeon SIlver 4410Y 2G, 12C/24T, 16GT/s, 30M Cache, Turbo, HT (150W) DDR5-4000/16GB RDIMM, 5600MT/s, Single Rank/PERC H755 SAS Front/480GB SSD SATA Read Intensive 6Gbps 512 2.5in Hot-plug AG Drive,3.5in HYB CARR, 1 DWPD/iDRAC9, Enterprise 16G/Riser Config0, No PCIe Riser, 1 CPU/No OCP 3.0 mezzanine NIC card, Blank Filler/Standard Fan x8/Dual, Hot-Plug, Power Supply, 700W MM HLAC (ONLY FOR 200-240Vac) Titanium, Redundant (1+1)/3Yr ProSupport and Next Business Day Onsite",4250
RACK SERVERS,,
 DELL PE R250   & R260 (4 x 3.5" Cabled HDDs) ,,
SS-DEL1100545,"PowerEdge R250 3.5"" Chassis with up to 4 Cabled Hard Drives, PowerEdge R250 Motherboard with Broadcom 5720 Dual Port 1Gb On-Board LOM  , Intel Xeon E-2314 2.8GHz, 8M Cache, 4C/4T, Turbo (65W  , 16GB UDIMM, 3200MT/s, ECC , 1TB Hard Drive SATA 6Gbps 7.2K 512n 3.5in Cabled , iDRAC9  Express 15G , 1U/2U Static Rails for 2-Post and 4-Post Racks  PERC H355 Adapter, Low Profile ,Trusted Platform Module 2.0 V3, Single, Cabled Power Supply 450W, Platinum  , 3Yr Basic Warranty - Next Business Day (Emerging Only) ",1625
DSSUDEL11R25000BX013,"PowerEdge R250 3.5"" Chassis with up to 4 Cabled Hard Drives, PowerEdge R250 Motherboard with Broadcom 5720 Dual Port 1Gb On-Board LOM  , Intel Xeon E-2314 2.8GHz, 8M Cache, 4C/4T, Turbo (65W  , 16GB UDIMM, 3200MT/s, ECC , 1TB Hard Drive SATA 6Gbps 7.2K 512n 3.5in Cabled , iDRAC9  Express 15G , 1U/2U Static Rails for 2-Post and 4-Post Racks  PERC H355 Adapter, Low Profile ,Trusted Platform Module 2.0 V3, Single Power Supply 1X700W TITANIUM , 3Yr Basic Warranty - Next Business Day (Emerging Only) ",1650
DSSJDEL11R25000BX001,"PowerEdge R250 Server; 3.5"" Chascsis; E-2324G; 16GB UDIMM, 3200MT/s, ECC;  2TB Hard Drive SATA 6Gbps 7.2K 512n 3.5in Hot-Plug; iDRAC9, Basic 15G; Single Power Supply 1X700W TITANIUM; PERC H355 Adapter, Low Profile, 3YRS NBD",1675
DSSUDEL11R25000BX017,"R250 BASIC 4X3.5"",E-2314G , 16GB UDIMM, 3200MT/s /1x2TB Hard Drive SATA 6Gbps 7.2K 512n 3.5in Hot-Plug/1U/2U Static Rails for 2-Post and 4-Post Racks/Bezel/Broadcom 5720 Dual Port 1Gb On-Board LOM/No optical drive / iDRAC9 Basic 15G/ Power Supply, 700W MM HLAC (ONLY FOR 200-240Vac) Titanium/ 3Y Basic NBD",1380
DSSXDEL11R26000BX001,"R260 BASIC "",E-2414G , 16GB UDIMM, 5600MT/s /1x2TB Hard Drive SATA 6Gbps 7.2K 512n 3.5in Hot-Plug/1U/2U Static Rails for 2-Post and 4-Post Racks/Bezel/Broadcom 5720 Dual Port 1Gb On-Board LOM/No optical drive / iDRAC9 Basic 15G/ Power Supply, 700W MM HLAC (ONLY FOR 200-240Vac) Titanium/ 3Y Basic NBD",1450
 DELL PE R350 & R360  (3.5" Chassis with up to 4 Hard Drives) ,,
DSSUDEL11R35000BX010,"PowerEdge R350; 3.5"" Chassis with up to 4 Hot Plug Hard Drives; Intel Xeon E-2314 2.8GHz, 8M Cache, 4C/4T, Turbo (65W), 3200 MT/s;  16GB UDIMM, 3200MT/s, ECC; 4TB NLSAS 12Gbps 512 3.5in HDD  PERC H355 Adapter ; ReadyRails Sliding Rails With Cable Management Arm  ; PowerEdge R350 Motherboard with Broadcom 5720 Dual Port 1Gb On-Board LOM ; iDRAC9, Express 15G  ; Single Hot-Plug Power Supply (1+0), 600W , 3Yr ProSupport and NBD On-Site Service",1970
DSSUDEL11R36000BX003,"PowerEdge R360 Server, 3.5 X 4, Intel Xeon E-2414 2.6G, 4C,16GB UDIMM, 2TB Hard Drive SATA, PERC H355,Power Supply (1+0), 700W, iDRAC9,5720, Ent 16G,  3 Years Basic NBD",2390
DSSUDEL11R36000BX004,"PowerEdge R360 4X3.5"",Intel Xeon E-2434 3.4G, 4C/8T, 12M Cache, Turbo,16GB UDIMM,600GB SAS,H355,1X600W,IDRAC9 BASIC,5720,Riser Config 2, Butterfly Gen4 Riser (x8/x8),3YRS BASIC",2375
DSSUDEL11R36000BX002,"PowerEdge R360 Server, 3.5 X 4, Intel Xeon E-2434 ,16GB UDIMM, 4TB Hard Drive SAS 12G, PERC H355,Power Supply (1+0), 600W, iDRAC9,5720, Ent 16G,  3 Years Basic NBD",2450
DSSUDEL11R36000BX001,"PowerEdge R360 4X3.5"",E-2414,16GB UDIMM,2TB SATA Hard Drive,Perc controller H355,1X700W,IDRAC9,5720,ENT,3YRS BASIC NBD",2200
 DELL PE R350 & R360  (2.5" Chassis with up to 8 Hard Drives) ,,
DSSUDEL11R35000BX013,"PE R350/Chassis 8 x 2.5"" HotPlug/ Intel Xeon E-2324G 3.1GHz 8M Cache 4C/4T Turbo (65W), 3200 MT/s, 2.5"" Chassis with up to 8 Hot Plug Hard Drives/ 16GB UDIMM 3200MT/s ECC/  1 x 600GB 10K RPM SAS 12Gbps 512e 2.5in Hot-plug Hard Drive/ReadyRails Static Rails/Bezel/Broadcom 5720 Dual Port/PERC H355 LP without brackets/iDRAC9 Express 15G/Dual Hot-Plug Power Supply 700W Titanium, 3Yr PS Warranty - Next Business Day (Emerging Only) ",2150
DSSUDEL11R36000BX004,"PE R360/Chassis 8 x 2.5"" HotPlug/ Intel Xeon E-2414, 2.5"" Chassis with up to 8 Hot Plug Hard Drives/ 16GB UDIMM 4800MT/s ECC/  1 x 600GB 10K RPM SAS 12Gbps 512e 2.5in Hot-plug Hard Drive/ReadyRails Static Rails/Bezel/Broadcom 5720 Dual Port/PERC H355 LP without brackets/iDRAC9 Express 15G/Dual Hot-Plug Power Supply 600W , 3Yr PS Warranty - Next Business Day (Emerging Only) ",2290
 DELL PE R450 (3.5" Chassis with up to 4 Hard Drives) ,DELL PE R450 (3.5" Chassis with up to 8 Hard Drives) * NEW *,
DSSUDEL11R45000BX020,"PowerEdge R450 Motherboard with Broadcom 5720 Dual Port 1Gb On-Board LOM   Intel Xeon Silver 4310 2.1G, 12C/24T, 10.4GT/s, 18M Cache, Turbo, HT (120W) DDR4-2666 , 4x3.5"", 32GB RDIMM, 3200MT, 2.4TB HD SAS ISE 12Gbps 10k, iDRAC9 Enterprise 15G,  Single (0+1) PS 1000W Titanuim, PERC H355 Adapter , Riser Config 0, 1xOCP 3.0(x16) + 1x16LP,  2.0 V3,  ReadyRails , 3Yr NBD ",3100
DSSUDEL11R45000BX030,"PowerEdge R450 Motherboard with Broadcom 5720 Dual Port 1Gb On-Board LOM   Intel Xeon Silver 4310 2.1G, 12C/24T, 10.4GT/s, 18M Cache, Turbo, HT (120W) DDR4-2666 , 4x3.5"", 16GB RDIMM, 3200MT, 2TB HD SATA 6Gbps 7.2k, iDRAC9 Enterprise 15G,  PS (1+1) PS 700W Titanuim, PERC H355 Adapter , Riser Config 0, 1xOCP 3.0(x16) + 1x16LP,  2.0 V3,  ReadyRails , 3Yr NBD ",3100
DSSSDEL11R45000BX001,"PowerEdge R450 Server : 4x3.5"" (SAS/SATA) 1 CPU / Intel Xeon Silver 4310 2.1G, 12C/24T / 16GB RDIMM, 3200MT/s, Dual Rank / 1x 2TB Hard Drive SATA 6Gbps 7.2K / PERC H755 /Broadcom 5720 Dual Port 1Gb On-Board  / No OCP 3.0  NIC /  iDRAC9, Enterprise 15G / Dual, Hot-Plug, Power Supply, Redundant (1+1), 700W / 3Yr Basic Next Business Day",3150
DSSUDEL11R45000BX021,"PowerEdge R450 Motherboard with Broadcom 5720 Dual Port 1Gb On-Board LOM   Intel Xeon Silver 4310 2.1G, 12C/24T, 10.4GT/s, 18M Cache, Turbo, HT (120W) DDR4-2666 , 4x3.5"", 16GB RDIMM, 3200MT, 1.2TB HD SAS ISE 12Gbps 10k, iDRAC9 Enterprise 15G,  Dual Hot-Plug Power Supply 700W Titanuim , PERC H755 SAS Front, Riser Config 0, 1xOCP 3.0(x16) + 1x16LP, Broadcom 5720 Quad Port 1GbE BASE-T Adapter OCP NIC 3.0 ,Trusted Platform Module 2.0 V3,  ReadyRails, 3Yr ProSupport and NBD On-Site Service",3250
DSSUDEL11R45000BX024,"PowerEdge R450 Motherboard with Broadcom 5720 Dual Port 1Gb On-Board LOM   Intel Xeon Silver 4310 2.1G, 12C/24T, 10.4GT/s, 18M Cache, Turbo, HT (120W) DDR4-2666 , 4x3.5"", 2 x 16GB RDIMM, 3200MT, 2.4TB HD SAS ISE 12Gbps 10k, iDRAC9 Enterprise 15G,  Dual Hot-Plug Power Supply 700W Titanuim , PERC H755 SAS Front, Riser Config 0, 1xOCP 3.0(x16) + 1x16LP, Trusted Platform Module 2.0 V3,  ReadyRails, 3Yr ProSupport and NBD On-Site Service",3325
DSSUDEL11R45000BX019,"PowerEdge R450 Motherboard with Broadcom 5720 Dual Port 1Gb On-Board LOM,4310  2.1G, 12C/24T, 10.4GT/s, 18M Cache, Turbo, HT (120W) DDR4-2666 , 4X3.5"" ENT,16GB 3200MT/S,2.4TB 12G 10K 2.5 IN 3.5"",H755,5720,2X700W TITANIUM,3YRS PS",3200
 DELL PE R450 ( 2.5" Chassis with up to 8 Hard Drives) ,DELL PE R450 (3.5" Chassis with up to 8 Hard Drives) * NEW *,
DSSUDEL11R45000BX029,"PowerEdge R450 Server Motherboard with Broadcom 5720 Dual Port 1Gb On-Board LOM    Intel Xeon Silver 4310 2.1G, 12C/24T, 10.4GT/s, 18M Cache, Turbo, HT (120W) DDR4-2666  , 2.5'' Chassis ,8 x 2.5"" (SAS/SATA) 1 CPU , 16GB RDIMM, 3200MT/s, Dual Rank 16Gb BASE x8 ,  iDRAC9, Enterprise 15G ,   1.2TB 10K RPM SAS ISE 12Gbps 512e 2.5in Hot-plug Hard Drive , PERC H755 Front, Dual Hot-plug, PSU (1+1) 700W, Riser Config 0, 1xOCP 3.0(x16)+ 1x16LP, Trusted Platform Module 2.0 V3, NO OCP NIC 3.0,  , 3 years Next Business Day",3250
DSSUDEL11R55000BX014,"PowerEdge R550 Motherboard with Broadcom 5720 Dual Port 1Gb On-Board LOM, Intel Xeon Silver 4310 , 16 X 2.5"" SAS/SATA 1 CPU, 16GB RDIMM 3200MT/s Dual Rank, iDRAC9 Enterprise 15G, 1 x 480GB SSD SATA 2.5in with 3.5in HYB CARR, PERC H755 SAS Front, Dual Hot-plug Power Supply Redundant (1+1) 700W , TPM2.0 V3,  ReadyRails Sliding Rails Without Cable Management Arm, 3Yr NBD ProSupport Warranty",3700
 DELL PE R650xs (2.5" Chassis with up to 8 & 10 Hard Drives) ,,
SSXDEL1100003,"PowerEdge R650XS, Chassis 10 x 2.5"", 2x Intel Xeon Silver 4310, 32GB (2x16GB) 3200MT/s RDIMM Dual Rank 1x 600GB SAS (10k rpm) 2.5"", Rails with Cable Management Arm Broadcom 57412 Dual Port 10GbE SFP+, OCP NIC 3.0 PERC H755 RAID Controller, iDRAC9 Enterprise 15G, Single, Hot-plug, Power Supply (1+0), 800W, 3Y ProSupport Support",3850
DSSUDEL11R66000BX001,"PowerEdge R660xs Motherboard with Broadcom 5720 Dual Port 1Gb On-Board LOM/ Chassis 8 x 2.5"" /Xeon Silver 4410Y 12C / 16GB RDIMM, 4800MT/s, /1x 480GB SSD SATA Read Intensive 6Gbps 2.5in Hot-plug  Drive / ReadyRails Static Rails /Bezel /PERC H755 LP / ReadyRails Sliding Rails Without Cable Management Arm /iDRAC9 Enterprise 15G/ Dual Hot-plug PSU 700W Titanium/ 3Y ProSupport Support",3550
DSSXDEL11R66000BX003,"PE R660XS/Chassis 8 x 2.5(SAS/SATA)/Intel Xeon Silver 4514Y 2G,,30M Cache/32GB/1x480GB SSD SATA Read Intensive 6Gbps 512 2.5in Hot-plug AG Drive, 1 DWPD/Bezel/No NIC/Front PERC H755 Front Load/iDRAC9 Enterprise 16G/Dual 700W Titanium",3900
DSSXDEL11R66000BX001,"PE R660XS/Chassis 10 x 2.5(SAS/SATA)/Dual Intel Xeon Gold 5416S/32GB/1x960GB SSD SATA Mix Use 6Gbps 512 2.5in Hot-plug AG Drive/ReadyRails A11/Bezel/Broadcom 5720 Quad Port 1GbE BASE-T Adapter, OCP NIC 3.0/Front PERC H755 Front Load/iDRAC9 Enterprise 16G/Dual 700W Titanium",4200
DSSXDEL11R66000BX002,"PowerEdge R660xs Motherboard with Broadcom 5720 Dual Port 1Gb On-Board LOM/ Chassis 8 x 2.5"" /Xeon Silver 4410Y 12C / 16GB RDIMM, 4800MT/s, /1x 480GB SSD SATA Read Intensive 6Gbps 2.5in Hot-plug  Drive / ReadyRails Static Rails /Bezel /PERC H755 LP / ReadyRails Sliding Rails Without Cable Management Arm /iDRAC9 Enterprise 15G/ Dual Hot-plug PSU 700W Titanium/ 3Y ProSupport Support",3550
"DELL PE R750xs (8 x 3.5"", 12 x 3.5'' Chassis Hard Drives)  ",,
DSSUDEL11R75000BX032,"PowerEdge R750xs Server  Intel Xeon Silver 4310 2.1G 12C/24T 10.4GT/s 18M Cache Turbo HT (120W) DDR4-2666, 3.5"" Chassis with up to 8 Hard Drives (SAS/SATA) 1 CPU, 16GB RDIMM 3200MT/s Dual Rank, iDRAC9 Enterprise 15G, 1.2TB 10K RPM SAS ISE 12Gbps 512e 2.5in Hot-plug Hard Drive 3.5in HYB CARR, , 3.5"" Chassis with up to 8 Hard Drives (SAS/SATA), 1 CPU ,Motherboard with Broadcom 5720 Dual Port 1Gb On-Board LOM , PERC H755 SAS Front , Dual, Hot-plug, PSU (1+1) 700W Titanium ,  Broadcom 57412 Dual Port 10GbE SFP+, OCP  Adapter OCP NIC 3.0 , ReadyRails Sliding Rails Without Cable Management Arm , 3 years ProSupport and Next Business Day Onsite Service",3300
DSSUDEL11R75000BX043,"PowerEdge R750xs Server  Intel Xeon Silver 4310 2.1G 12C/24T 10.4GT/s 18M Cache Turbo HT (120W) DDR4-2666, 3.5"" Chassis with up to 8 Hard Drives (SAS/SATA) 1 CPU, 16GB RDIMM 3200MT/s Dual Rank, iDRAC9 Enterprise 15G, 2.4TB 10K RPM SAS ISE 12Gbps 512e 2.5in Hot-plug Hard Drive 3.5in HYB CARR, , 3.5"" Chassis with up to 8 Hard Drives (SAS/SATA), 1 CPU ,Motherboard with Broadcom 5720 Dual Port 1Gb On-Board LOM , PERC H755 SAS Front , Dual, Hot-plug, PSU (1+1) 700W Titanium ,  Broadcom 57412 Dual Port 10GbE SFP+, OCP  Adapter OCP NIC 3.0 , ReadyRails Sliding Rails Without Cable Management Arm , 3 years ProSupport and Next Business Day Onsite Service",3400
DSSXDEL11R75000BX004,"Dell PowerEdge R750xs Rack Server (Mid-Range RACK SERVER)
3.5"" Chassis with up to 8 Hard Drives (SAS/SATA), V3 Intel Xeon Silver 4310 2.1G, 12C/24T, 10.4GT/s, 18M Cache, Turbo, HT
16GB RDIMM, 3200MT/s, Dual Rank 1 x 1.2TB Hard Drive SAS ISE 12Gbps 10K 512e 2.5in Hot-Plug 3.5""HYB, PowerEdge R750xs Motherboard with Broadcom 5720 Dual Port 1Gb On-Board LOM, Broadcom 57412 Dual Port 10GbE SFP+, OCP NIC 3.0, Rack Rails, Standard Bezel
PERC H755 SAS Front (RAID 0,1,5) , iDRAC9, Enterprise 15G, Riser config 4, Half Length, Low Profile, 1x16 + 1x4 slots, 1 CPU
Dual, Hot-Plug, Power Supply, Redundant (1+1), 700W MM(200-240Vac) Titanium, 3 Year ProSupport Next Business Day Onsite",3500
DSSSDEL11R75000BX010,"PowerEdge R750xs Server: Intel Xeon Silver 4310 2.1G, 12C/24T, 10.4GT/s, 18M Cache, Turbo, HT (120W) DDR4-2666 / Chassis with up to 8 x 3.5"" SAS/SATA Hard Drives / 16 GB RDIMM, 3200MT/s, Dual Rank / iDRAC9, Enterprise 15G /1x480GB SSD SATA RI 6Gbps 512 2.5in Hot-plug AG Drive,3.5in HYB CARR /DVD +/-RW, SATA / PERC H755 SAS Front/  Broadcom 5720 Dual Port 1Gb On-Board LOM / No OCP / Dual, Hot-plug, PSU Redundant (1+1), 700W, Titanium / ReadyRails Sliding Rails Without Cable Management Arm / 3Yr Pro support NBD",3300
DSSUDEL11R75000BX048,"PowerEdge R750xs Server: Intel Xeon Silver 4310 2.1G, 12C/24T, 10.4GT/s, 18M Cache, Turbo, HT (120W) DDR4-2666 / Chassis with up to 8 x 3.5"" SAS/SATA Hard Drives / 2 X 16GB RDIMM, 3200MT/s, Dual Rank / iDRAC9, Enterprise 15G / 1x 2.4TB Hard Drive SAS ISE 12Gbps 10k 512n 2.5in with 3.5in HYB CARR /No DVD / PERC H755 SAS Front/  Broadcom 5720 Dual Port 1Gb On-Board LOM + Broadcom 57412 Dual Port 10GbE SFP+, OCP NIC 3.0 / Dual, Hot-plug, PSU Redundant (1+1), 700W, Titanium / ReadyRails Sliding Rails Without Cable Management Arm / 3Yr Pro support NBD",3675
DSSUDEL11R75000BX055,"PowerEdge R750xs Server: Intel Xeon Silver 4310 2.1G, 12C/24T, 10.4GT/s, 18M Cache, Turbo, HT (120W) DDR4-2666 / Chassis with up to 8 x 3.5"" SAS/SATA Hard Drives /   32GB RDIMM, 3200MT/s, Dual Rank / iDRAC9, Enterprise 15G / 1x 2.4TB Hard Drive SAS ISE 12Gbps 10k 512n 2.5in with 3.5in HYB CARR /No DVD / PERC H755 SAS Front/  Broadcom 5720 Dual Port 1Gb On-Board LOM + Broadcom 57412 Dual Port 10GbE SFP+, OCP NIC 3.0 / Dual, Hot-plug, PSU Redundant (1+1), 700W, Titanium / ReadyRails Sliding Rails Without Cable Management Arm / 3Yr Pro support NBD",3600
DSSUDEL11R75000BX050,"PowerEdge R750xs Server: Intel Xeon Silver 4310 2.1G, 12C/24T, 10.4GT/s, 18M Cache, Turbo, HT (120W) DDR4-2666 / Chassis with up to 8 x 3.5"" SAS/SATA Hard Drives / 16GB RDIMM, 3200MT/s, Dual Rank / iDRAC9, Enterprise 15G / 1x 2.4TB Hard Drive SAS ISE 12Gbps 10k 512n 2.5in with 3.5in HYB CARR /No DVD / PERC H755 SAS Front/  Broadcom 5720 Dual Port 1Gb On-Board LOM , NO OCP NIC 3.0 / Dual, Hot-plug, PSU Redundant (1+1), 700W, Titanium / ReadyRails Sliding Rails Without Cable Management Arm / 3Yr Pro support NBD",3500
DSSUDEL11R75000BX051,"PowerEdge R750xs Server: Intel Xeon Silver 4310 2.1G, 12C/24T, 10.4GT/s, 18M Cache, Turbo, HT (120W) DDR4-2666 / Chassis with up to 8 x 3.5"" SAS/SATA Hard Drives / 16GB RDIMM, 3200MT/s, Dual Rank / iDRAC9, Enterprise 15G / 1x 8TB Hard Drive NLSAS 12Gbps 7.2K 512n 3.5in /No DVD / PERC H755 SAS Front/  Broadcom 5720 Dual Port 1Gb On-Board LOM , NO OCP NIC 3.0 / Dual, Hot-plug, PSU Redundant (1+1), 700W, Titanium / ReadyRails Sliding Rails Without Cable Management Arm / 3Yr Pro support NBD",3550
DSSUDEL11R75000BX054,"PowerEdge R750xs Server: Intel Xeon Silver 4314  Turbo, HT (120W) DDR4-2666 / Chassis with up to 8 x 3.5"" SAS/SATA Hard Drives / 16 GB RDIMM, 3200MT/s, Dual Rank / iDRAC9, Enterprise 15G /1x480GB SSD SATA RI 6Gbps 512 2.5in Hot-plug AG Drive,3.5in HYB CARR /DVD +/-RW, SATA / PERC H755 SAS Front/  Broadcom 5720 Dual Port 1Gb On-Board LOM / No OCP / Dual, Hot-plug, PSU Redundant (1+1), 700W, Titanium / ReadyRails Sliding Rails Without Cable Management Arm / 3Yr Pro support NBD",3650
DSSUDEL11R75000BX037,"PowerEdge R750XS Chassis 12 x 3.5"",  Motherboard with Broadcom 5720 Dual Port 1Gb On-Board LOM , 4310  , 16GB RDIMM, 3200MT/s, Dual Rank , 1 x 480GB SSD SATA RI 6Gbps 5 12 2.5in Hot-plug AG Drive, 3.5in HYB CARR /Rails /Bezel /No optical drive/  Broadcom 5720 Dual Port 1Gb On-Board LOM/PERC H755 with front load bracket/iDRAC9 Enterprise 15G/Dual, Hot-plug, Redundant Power Supply  (1+1) 700W Titanium ,  European Power Cord, / Trusted Platform Module 2.0/  Riser config 4, Half Length, Low Profile, 1x16 + 1x4 slots, 1 CPU  / ReadyRails Sliding Rails Without Cable Management Arm /3Y Prosupport NBD",3450
DSSUDEL11R75000BX057,"Dell PowerEdge R750xs Rack Server (Mid-Range RACK SERVER)
3.5"" Chassis with up to 12 Hard Drives (SAS/SATA), V3, Intel Xeon Silver 4310 2.1G, 12C/24T, 10.4GT/s, 18M Cache, Turbo, HT
16GB RDIMM, 3200MT/s, Dual Rank, 1 x 480GB SSD SATA RI 6Gbps 512 2.5in Hot-plug AG Drive, PowerEdge R750xs Motherboard with Broadcom 5720 Dual Port 1Gb On-Board LOM, Broadcom 57416 Dual Port 10GbE BASE T OCP NIC 3.0, Rack Rails, Standard Bezel
PERC H755 SAS Front (RAID 0,1,5) , iDRAC9, Enterprise 15G, Riser config 4, Half Length, Low Profile, 1x16 + 1x4 slots, 1 CPU
Dual, Hot-Plug, Power Supply, Redundant (1+1), 700W MM(200-240Vac) Titanium, 3 Year ProSupport Next Business Day Onsite",3500
,"DELL PE R760xs (8 x 3.5"", 8 x 2.5'', 12 x 3.5'' & 16 x 2.5'' Chassis Hard Drives)  ", 
DSSXDEL11R76000BX001,"PowerEdge R760xs Server  /Chassis 8 x 2.5""/ Xeon Silver 4410Y 12C / 16GB RDIMM, 4800MT/s,/  480GB SSD SATA RI 6Gbps 512 2.5in Hot-plug AG Drive, 3.5in HYB CARR /Rails /Bezel /No optical drive/ /Broadcom 5720 Dual Port /  /PERC H755/iDRAC9 Enterprise 15G/  Dual Hot-plug Redundant PSU (1+1) 700W Titanium/  Trusted Platform Module 2.0/  Riser config 4, Half Length, Low Profile, 1x16 + 1x4 slots, 1 CPU  / ReadyRails Sliding Rails Without Cable Management Arm /3Y Prosupport NBD  ",4000
DSSXDEL11R76000BX005,"PowerEdge R760xs Server  /Chassis 8 x 3.5""/ Xeon Silver 4410Y 12C / 16GB RDIMM, 4800MT/s,/ 2.4TB 10K RPM SAS ISE 12Gbps 512e 2.5in Hot-plug Hard Drive, 3.5in HYB CARR /Rails /Bezel /No optical drive/ /Broadcom 5720 Dual Port /  /PERC H755/iDRAC9 Enterprise 15G/  Dual Hot-plug Redundant PSU (1+1) 700W Titanium/  Trusted Platform Module 2.0/  Riser config 4, Half Length, Low Profile, 1x16 + 1x4 slots, 1 CPU  / ReadyRails Sliding Rails Without Cable Management Arm /3Y Prosupport NBD  ",4200
DSSUDEL11R76000BX008,"PowerEdge R760xs, 3.5 x 8,Intel Xeon SIlver 4410Y 2G, 12C,16GB RDIMM, 2TB Hard Drive SATA ISE, No optical drive/ /Broadcom 5720 Dual Port /  /PERC H755/iDRAC9 Enterprise 15G/  Dual Hot-plug Redundant PSU (1+1) 700W Titanium/  Trusted Platform Module 2.0/  Riser config 4, Half Length, Low Profile, 1x16 + 1x4 slots, 1 CPU  / ReadyRails Sliding Rails Without Cable Management Arm, 3 Years ProSupport",4000
DSSJDEL11R76000BX001,"Dell PowerEdge R760xs Rack Server (Mid-Range RACK SERVER)
2.5"" Chassis with up to 16 Hard Drives (SAS/SATA), PERC11
Intel Xeon Silver 4510, Turbo, HT (150W) DDR5-4000, 32GB RDIMM, 4800MT/s Single Rank, 1 x 2.4TB Hard Drive SAS ISE 12Gbps 10K 512e 2.5in Hot-Plug, PowerEdge R760xs Motherboard with Broadcom 5720 Dual Port 1Gb On-Board LOM
Broadcom 57416 DP 10GB BASE-T Adapter, OCP NIC 3.0 , Riser Config 0, No Riser, 1x16 + 1x8 (1 CPU), with OCP, Rack Rails, Standard Bezel
PERC H755 SAS Front (RAID 0,1,5) , iDRAC9, Enterprise 16G , Dual, Redundant(1+1), Hot-Plug Power Supply,1100W MM(100-240Vac) Titanium
3 Year Basic",4600
DSSJDEL11R76000BX003,"Dell PowerEdge R760xs Rack Server (Mid-Range RACK SERVER)
2.5"" Chassis with up to 16 Hard Drives (SAS/SATA), + 8X2.5'' NVME,
2 x Intel Xeon Silver 4510, Turbo, HT (150W) DDR5-4000,  2 x 32GB RDIMM, 5600MT/s Single Rank, 1 x 1.2TB Hard Drive SAS ISE 12Gbps 10K 512e 2.5in Hot-Plug, PowerEdge R760xs Motherboard with Broadcom 5720 Dual Port 1Gb On-Board LOM
Broadcom 57414 DP 10GB  OCP NIC 3.0 , Riser Config 0, No Riser, 1x16 + 1x8 (1 CPU), with OCP, Rack Rails, Standard Bezel
PERC H755 SAS Front (RAID 0,1,5) , iDRAC9, Enterprise 16G , Dual, Redundant(1+1), Hot-Plug Power Supply,1100W MM(100-240Vac) Titanium
3 Year Basic",5500
DSSJDEL11R76000BX007,"Dell PowerEdge R760xs Rack Server (Mid-Range RACK SERVER)
2.5"" Chassis with up to 16 Hard Drives (SAS/SATA), + 8X2.5'' NVME,
2 x Intel Xeon Silver 4510, Turbo, HT (150W) DDR5-4000,  2 x 32GB RDIMM, 5600MT/s Single Rank, 1 x 1.2TB Hard Drive SAS ISE 12Gbps 10K 512e 2.5in Hot-Plug, PowerEdge R760xs Motherboard with Broadcom 5720 Dual Port 1Gb On-Board LOM
Broadcom 57414 DP 10GB  OCP NIC 3.0 , Riser Config 0, No Riser, 1x16 + 1x8 (1 CPU), with OCP, Rack Rails, Standard Bezel
PERC H755 SAS Front (RAID 0,1,5) , iDRAC9, Enterprise 16G , Dual, Redundant(1+1), Hot-Plug Power Supply,1100W MM(100-240Vac) Titanium
3 Year Pro support",6250
DSSJDEL11R76000BX002,"Dell PowerEdge R760xs Rack Server (Mid-Range RACK SERVER)
3.5"" Chassis with up to 12 Hard Drives (SAS/SATA) PERC11
Intel 1 X Xeon Silver 4514Y  Turbo, HT (150W) DDR5-4000, 1 X 32 RDIMM, 5600MT/s Single Rank, 1 x 8TB SAS  3.5in Hot-Plug, PowerEdge R760xs Motherboard with Broadcom 5720 Dual Port 1Gb On-Board LOM, Broadcom 5720 Quad Port 1GbE BASE-T Adapter, OCP NIC 3.0 Riser Config 0, No Riser, 1x16 + 1x8 (1 CPU), with OCP+C8, Rack Rails, Standard Bezel
PERC H755 SAS Front (RAID 0,1,5) , iDRAC9, Enterprise 16G, Dual, Redundant(1+1), Hot-Plug Power Supply 1100W Titanium
3 Year pro support",4350
DSSUDEL11R76000BX007,"Dell PowerEdge R760XS 12X3.5"" ENT,Intel Xeon Silver 4510 2.4G, 1 2C/24T, 16GT/s, 30M Cache,32GB,2TB Hard Drive SATA ISE 6Gbps 7.2K 512n 3.5in,H755,Riser Config 0, No Riser, 1x16 + 1x8 (1 CPU), without OCP,2X700W TIT,High Performance Fan x5,3YRS PROSUPPORT",3950
DSSJDEL11R76000BX002,"Dell PowerEdge R760xs Rack Server 3.5"" Chassis with up to 12 Har d Drives (SAS/SATA) PERC11',Intel Xeon Silver 4514Y 2G, 16 C/32T, 16GT/s, 30M Cache, Turb o, HT,32GB RDIMM, 5600MT/s, Dual Ran k,8TB Hard Drive SAS ISE 12Gbps 7.2K 512e 3.5in Hot-Plug, AG Drive, with OCP,H755,ENT,,2X1100W MM(100-240 Vac) Titanium,5720 OCP,5XHIGH PERF FANS,3 Years Parts Only Support",4250
DSSJDEL11R76000BX004,"Dell PowerEdge R760xs Rack Server 3.5"" Chassis with up to 12 Har d Drives (SAS/SATA) PERC11',2x  Intel Xeon Silver 4514Y 2G, 16 C/32T, 16GT/s, 30M Cache, Turb o, HT,2X 64GB RDIMM, 5600MT/s, Dual Ran k,12TB Hard Drive SAS ISE 12Gbps 7.2K 512e 3.5in Hot-Plug, AG Drive, with OCP,H755,ENT,2X1100W MM(100-240 Vac) Titanium,5720 OCP,3 Years Parts Only Support",5200
DSSJDEL11R76000BX004,"Dell PowerEdge R760xs Rack Server (Mid-Range RACK SERVER)
3.5"" Chassis with up to 12 Hard Drives (SAS/SATA) PERC11
Intel 2 X Xeon Silver 4514Y  Turbo, HT (150W) DDR5-4000, 2 X 64 RDIMM, 5600MT/s Single Rank, 1 x 12TB SAS  3.5in Hot-Plug, PowerEdge R760xs Motherboard with Broadcom 5720 Dual Port 1Gb On-Board LOM, Broadcom 5720 Quad Port 1GbE BASE-T Adapter, OCP NIC 3.0 Riser Config 0, No Riser, 1x16 + 1x8 (1 CPU), with OCP+C8, Rack Rails, Standard Bezel
PERC H755 SAS Front (RAID 0,1,5) , iDRAC9, Enterprise 16G, Dual, Redundant(1+1), Hot-Plug Power Supply 1100W Titanium
3 Year Basic",5750
DSSXDEL11R76000BX006,"PE R760XS/Chassis 12x 3.5"" SAS/SATA/Intel Xeon Gold 5420+/16GB/1x4TB Hard Drive SAS  12Gbps 7.2K 512e 3.5in Hot-Plug/Rails Without CA/Bezel/Broadcom 57414/PERC H755 Adapter LP/iDRAC9 Enterprise 16G/Dual 700W Titanium/ ,3YRS PS",5300
Dell Win Server,,
SS-DEL5500110,"Windows Server 2022,Standard,Dell ROK,16CORE (ROK_Microsoft_WS_Standard_2022_16 cores_2VMs)",850
DEEUDEL55W25000BX001,"Windows Server 2025,Standard, ROK,16CORE ",900
Server Memory,,
SS-DEL3300037,"8GB RAM DDR4 3200 ED2 - UDMM ECC - R250,R350,T150,T350",60
SS-DEL3300007,"16GB Dual Rank DDR4 PC4-UDIMM 3200 ECC for  R250,R350,T150,T350 ",80
SS-DEL3300043,"SAMSUNG 32GB DDR4-3200 ECC UDIMM PC4-25600E  R250,R350,T150,T350",140
DSSUDEL3316G000BX011,16GB 1RX8 4800 DDR5 EC4 UDIMM R360,190
DSSUDEL3332G000BX012,32GB 2RX8 PC5 5600 DDR5 EC4 UDIMM R360,270
SS-DEL3300046,8GB DDR4-2666 ECC RDIMM,40
SS-DEL3300028,8GB 3200 ECC RDIMM,50
SS-DEL3300016,32GB DDR4-2933 ECC RDIMM ,100
SS-DEL3300027,16GB DDR4-3200 ECC RDIMM ,75
SS-DEL3300023,32GB DDR4-3200 ECC RDIMM ,125
SS-DEL3300031,64GB DDR4-3200 ECC RDIMM ,220
SS-DEL3300042,SAMSUNG 32GB DDR4-3200 RDIMM PC4-25600R (M393A4K40EB3-CWECQ) R750xs,125
SS-DEL3300041,SAMSUNG 64GB DDR4-3200 RDIMM PC4-25600R (M393A8G40BB4-CWEC0) R750xs,220
SS-DEL3300047,MICRON DDR4 RDIMM 64GB 2RX4 3200 CL22 (16GBIT) (SINGLE PACK):649528928580,230
DSSUDEL3316G000BX015,16 GB - 1Rx8 DDR5 RDIMM 5600 MT/s ,165
DSSUDEL3316G000BX010,16GB DDR5-4800 RDIMM,145
DSSUDEL3332G000BX013,32 GB - 2Rx8 DDR5 RDIMM 5600MT/s ,240
DSSUDEL3332G000BX011,32GB PC5-4800B-R (4800MHz) ECC RDIMM,220
DSSUDEL3364G000BX007,SAMSUNG 64GB DDR5-4800 RDIMM ECC 2Rx4 (M321R8GA0BB0-CQKZJ),375
DSSUDEL3364G000BX009,64GB PC5-4800B-R (4800MHz) ECC RDIMM,375
DSSUDEL3364G000BX010 ,SAMSUNG 64GB 5600 DDR5 RDIMM RAM ,420
DELL SERVER HARD DISK DRIVES,,
SS-DEL4400162,Dell 240GB SATA SSD 6GBPS RI,225
DSSUDEL44480000BX001,"Dell 480GB 6Gb/s Read-Intensive, Serial ATA, Solid State (SSD) 2.5’’ inside 3.5’’",300
DSSUDEL44480000BX007,Dell 480GB SATA SSD 6GBPSREAD INTENSIVE SSD with Gen15 3.5inch tray,300
DSSUDEL44480000BX008,Dell 480GB SSD SATA MIXED USE 6GBPS 512E 2.5IN WITH 3.5IN HYB CARR CUS KIT,375
SS-DEL4400379,Dell 960GB 6Gbps SATA SSD 2.5in Hot-plug Hard Drive 3.5in HYB CARR ,450
SS-DEL4400154,Dell 960GB 12Gbps Read Intensive TLC 2.5in SAS SSD ,600
DSSUDEL44960000BX001,"960GB 2.5"",3.5"" SATA RI 6GBPS SSD-14G",450
SS-DEL4400390,Dell 960GB 12Gbps SAS Mix Use MLC 2.5 SSD PX05SVB096Y inside 3.5’’ for R750,650
SS-DEL4400068,"960GB 2.5"",3.5"" SATA MIXED USED 6GBPs SSD - 14G",500
SS-DEL4400412,Dell 960GB SSD SATA Read Intensive 6Gbps 512 2.5in HDD,450
SS-DEL4400413,Dell 960GB SSD SATA Mix Use 6Gbps 512 2.5in Hot-plug AG Drive,500
SS-DEL4400107,Dell 1.92TB SATA-6Gb/s 2.5" Intel SSD DriveHDD for R640,600
SS-DEL4400400,DELL 1.92TB SATA SSD  Mix Use 6GBPS RI 2.5/3.5 14G,650
DSSUDEL44196000BX003,Dell 1.92TB SAS RI 2.5" 12GBP HDDs,700
DSSUDEL44196000BX010,"1TB 7.2K SATA Entry 3.5in Cabled Hard Drive ----For T40, T150",170
SS-DEL4400052,1TB SATA 7.2K 3.5" 6Gbps Fully assembled (Hot Plug) Hard Drive,190
DSSUDEL44204000BX004,2TB SATA 6Gbps 7.2K 3.5" Fully assembled (Hot Plug) Hard Drive ,200
SS-DEL4400363,1TB Near Line SAS 6Gbps 7.2K 2.5" Fully assembled (Hot Plug) Hard Drive ,220
SS-DEL4400085,1TB Near Line SAS 12Gbps 7.2K 3.5" Fully assembled (Hot Plug) Hard Drive ,225
SS-DEL4400007,1.2TB 10K RPM SAS 12GBPS 2.5in Hot-plug Hard Drive,250
SS-DEL4400006,"1.2TB 10K RPM SAS 12GBPS 2.5in Hot-plug Hard Drive,3.5in HYB CARR",250
DSSUDEL44204000BX001,2TB Near Line SAS 12Gbps 7.2K 3.5" Fully assembled (Hot Plug) Hard Drive,265
SS-DEL4400120,3TB Near Line SAS 6Gbps 7.2K 3.5" Fully assembled (Hot Plug) Hard Drive ,210
SS-DEL4400031,4TB Near Line SAS 12Gbps 7.2K 3.5" Fully assembled (Hot Plug) Hard Drive,270
SS-DEL4400070,6TB Near Line SAS 12Gbps 512E 7.2K 3.5" Fully assembled (Hot Plug) Hard Drive,300
SS-DEL4400036,8TB 7.2K RPM NLSAS 512e 3.5'' Fully assembled (Hot Plug) Hard Drive,400
DSSUDEL44102000BX007,12TB 7.2K RPM NLSAS 12Gbps 512e 3.5in Hot-plug Hard Drive CK ,525
DSSUDEL44204000BX006,DELL 20TB 7.2K RPM NLSAS 12GBPS 512E 3.5IN HDD,725
SS-DEL4400026,300GB 10K RPM SAS 12Gbps 512n 2.5in Hot- plug Hard Drive 3.5in HYB CARR CK ,165
SS-DEL4400027,300GB 15K RPM SAS 12Gbps 512n 2.5in Hot- plug Hard Drive 3.5in HYB CARR CK,190
SS-DEL4400411,300GB 15K SAS 12Gbps 2.5 13G FOR R730,150
DSSUDEL44600000BX002,600GB 10K RPM SAS 12Gbps 512n 2.5in Hot- plug Hard Drive 3.5in HYB CARRCK ,190
DSSUDEL44600000BX001,600GB 15K RPM SAS 12Gbps 512n 2.5in Hot- plug Hard Drive 3.5in HYB CARR CK ,250
DSSUDEL44900000BX002,"900GB 10K RPM SAS 12Gbps 512n 2.5in Hot- plug Hard Drive, 3.5in HYB CARR, CK ",210
DSSUDEL44900000BX001,"900GB 15K RPM SAS 12Gbps 512n 2.5in Hot- plug Hard Drive, 3.5in HYB CARR, CK ",375
SS-DEL4400069,"2.4TB 10K RPM SAS 12Gbps 512e 2.5in Hot-  plug Hard Drive, 3.5in HYB CARR, CK ",375
SS-DEL4400059,"2.4TB 10K RPM SAS 12Gbps 512e 2.5in Hot-  plug Hard Drive, CK ",375
KINGSTON SERVER HARD DISK DRIVES,,
SS-DEL4400398,480G DC600M (Mixed-Use) 2.5” Enterprise SATA SSD,250
SS-DEL4400397,960G DC600M (Mixed-Use) 2.5” Enterprise SATA SSD,375
SS-DEL4400396,1920G DC600M (Mixed-Use) 2.5” Enterprise SATA SSD,490
DSSUDEL44393000BX001,3840G DC600M (Mixed-Use) 2.5” Enterprise SATA SSD,590
SS-DEL4400394,7680G DC600M (Mixed-Use) 2.5” Enterprise SATA SSD,890
Samsung SERVER HARD DISK DRIVES,,
 SS-DEL4400387,SAMSUNG PM893 Series 480GB TLC SATA 6Gbps SSD - MZ7L3480HCHQ-00A07,275
SS-DEL4400353,SAMSUNG PM893 SERIES 960GB SATA 6GPBS (MZ7L3960HCJR-00A07) DWPD Read intensive,400
SS-DEL4400352,SAMSUNG 1.92TB PM893 SATA SERVER SSD (MZ7L31T9HBLT-00A07) DWPD Read intensive,600
 SERVER CPU,,
,"Intel Xeon E5-2620 v4 (2.1GHz,20M Cache,8.00GT/s QPI,Turbo,HT,8C/16T 85W) G13",400
CPUDEL00092,"Intel Xeon E5-2630 v4 (2.2GHz,25M Cache,8.00GT/s QPI,Turbo,HT,10C/20T 85W) G13",550
CPUDEL00014 ,"Intel Xeon E5-2640 v4 (2.4GHz,25M Cache,8.00GT/s QPI,Turbo,HT,10C/20T 90W) G13",600
CPUDEL00093,"Intel Xeon E5-2650 v4 (2.2GHz,30M Cache,9.60GT/s QPI,Turbo,HT,12C/24T 105W) G13",650
SS-GEN2200012,"Intel Xeon Silver 4110 2.1G, 8C/16T, 9.6GT/s 2UPI, 11M Cache, Turbo, HT (85W)",450
SS-GEN2200011,"Intel Xeon Silver 4114 2.2G, 10C/20T, 9.6GT/s 2UPI, 14M Cache, Turbo, HT (85W)",700
SS-GEN2200026,"Intel Xeon Silver 4116 2.1G, 12C/24T, 9.6GT/s, 16M Cache ",900
SS-GEN2200035,"Intel Xeon Gold 5120 Processor 19.25M Cache, 2.20 GHz, 14C",1350
SS-GEN2200017,"Intel Xeon Gold 5118 Processor 16.5M Cache, 2.30 GHz, 12C",850
SS-GEN2200028,"Intel Xeon Gold 6130 Processor 22M Cache 2.1GHz, 16C",950
SS-GEN2200018,"Intel Xeon Silver 4208 2.1G, 8C/16T, 9.6GT/s 2UPI, 11M Cache, Turbo, HT (85W)",500
SS-GEN2200022,"Intel Xeon Silver 4210 2.2G, 10C/20T, 9.6GT/s 2UPI, 13.75M Cache, Turbo, HT (85W)",520
SS-GEN2200030,"Intel Xeon Silver 4214 2.2G, 12C/24T, 9.6GT/s 2UPI, 16.5M Cache, Turbo, HT (85W)",775
SS-GEN2200020,"Intel Xeon Silver 4216 2.1G, 16C/32T, 9.6GT/s, 22M Cache ",1100
SS-GEN2200034,"Intel Xeon Gold 5220 Processor 24.75M Cache, 2.20 GHz, 18C",1575
SS-GEN2200027,"Intel Xeon Gold 5218 Processor 22M Cache, 2.30 GHz, 16C",1350
SS-GEN2200040,"Intel Xeon Gold 5217 Processor 11M Cache 3.00GHz, 8C",2100
SS-GEN2200031,"Intel Xeon Gold 6230 Processor 27.5M Cache 2.1GHz, 20C",2000
SS-GEN5500087,"Intel Xeon Silver 4210R 2.4G, 10C/20T, 9.6GT/s 2UPI, 13.75M Cache, Turbo, HT (100W)",580
SS-GEN5500086,"Intel Xeon Silver 4214R 2.4G, 12C/24T, 9.6GT/s 2UPI, 16.5M Cache, Turbo, HT (100W)",875
 SS-GEN2200067,"Intel Xeon Gold 5218R Processor 27.5M Cache, 2.10 GHz, 20C",1400
SS-GEN2200111,"Intel Xeon 4310 CPU Processor 18M Cache, 2.10 GHz, 12C",550
SS-GEN2200115,"Intel Xeon 4314 CPU Processor 24M Cache, 2.40 GHz, 16C",875
SS-GEN2200120 ,"Intel Xeon 4316 CPU Processor 30M Cache, 2.30 GHz, 20C",1150
SS-GEN2200132,"INTEL Xeon Gold 5318Y CPU Processor 36M Cache, 2.10 GHz, 24C",1300
SS-GEN2200127  ,"Intel Xeon Gold 6330 CPU Processor 42M Cache, 2.00 GHz, 28C",1800
SS-GEN2200155,Intel Xeon-S 4410Y  2.0GHz 12-core 1P CPU,650
SS-DEL5500226,"412-AAYT  R750xs  Standard Heatsink, CUS Kit",190
SS-DEL5500227,"330-BBXH    Riser Config 0, 1x OCP 3.0(x16) + 3x16LP + 1x4LP(Gen3) + Risers: 2x16 LP, CK",650
SS-DEL5500144,DELL PCi-E High Prof Boss SATA Controller Card,500
SS-DEL4400097,240GB SSD SATA 6Gb/s M.2 for BOSS Card,250
SS-DEL4400405,480GB SATA SSD NVME FOR BOSS CONTROLLER,325
DELL - RACK & RACK OPTIONS,,
SS-DEL5500103,42U High Density Rack 42 Base with doors DELL NetShelter SX 42U Enclosure,1900
DELRRO00003,PowerEdge KVM 1081AD - 8 Port Keyboard/Video/Mouse Analog Switch ,1100
RRODEL00056,"DELL DAV2216-G01 16-Port Analog, Upgradable to Digital KVM Switch with 2 Local Users, 1 Power Supply",1550
RRODEL00057,APC Basic Rack-Mount PDU - power distribution strip,450
SS-DEL5500070,"( 481-BBBC ) Dell LED KMM, 18.5"", 1U, International English Keyboard - D KMM  LED 18.5 ",1475
RRODEL00058 ,DELL DUSBIAC-10 for 10FT USB/VGA CAT5 Integrated Access Cable for the Dell DAV2108 & DAV2216,140
SS-GEN5500022,Dell Broadcom BCM 5719 4 Ports 1Gbe Network PCI-E Ethernet Adapter,180
SS-GEN5500045,Dell Broadcom BCM 5719 2 Ports 1Gbe Network PCI-E Ethernet Adapter,160
SRODEL00039,QLogic 57800 2x10Gb DA/SFP+ + 2x1Gb BT Network Card CusKit ,250
SRODEL00038,QLogic 2692 Dual Port 16Gb Fiber Channel HBA ,1225
SS-GEN5500097,Dell PERC H730P PCI-E 2GB MB CACHE 12Gb/s PCI-E Controller Card Low Profile,550
OTHERS00577,Dell PERC H740P Mini Mono RAID Controller Card 8GB NV Cache,700
SS-GEN5500025,Dell Broadcom 57416 Dual Port 10Gb Base-T + 5720 2Port 1GB Base-T rNDC,250
SS-GEN5500035,Dell Broadcom 57800-T 2x10GB 2x1GB Quad Port Netxtreme Daughter Card ,120
SS-DEL5500248,"634-BSGS MS2019 Standard Ed, Additional License, 2 CORE,NO MEDIA/KEY, Custo",100
Lenovo  Consumer Laptops,,
DGCULNV11IP3DI3BX007,( 82X700BTAX)  IPS3/i3-1315U/8/256/UHD/15.6'/Dos/Non-BL/Ar-kb/ArcticGrey,290
DGCULNV11LP5DU7BX001,"(83DC002CAX )IDEAPAD SLIM 5 16IMH9,ULTRA 7 155H,16GB,512GB,DOS,ENGKB",900
DGAULNV11I27DI5BX001,"(F0HM000NAX)  IDEA CENTRE AIO 3 DESKTOP,  Intel® Core™ i5-13420H 13Gen Processor (3.40GHz up to 4.6GHz, 12 MB cache, 8 Cores -12 Thread) Ram : 8 GB DDR5 5200 MHz ,SSD :512GB NVMe PCIe SSD    ,Graphics Card :Integrated Intel® UHD Display: 27"" FHD (1920x1080)  IPS-Level ,  Wireless Keyboard+ Mouse /DOS / white Color English/ Arabic",675
DGCULNV11I24DI7BX007,"(F0HN00LGAX) LENOVO IDEACENTRE AIO 3  24IRH9,Intel Core i7-13620H 23.8"" FHD (1920x1080) IPS Anti-glare 250nits, 100Hz, 99% sRGB, hardware low blue light, 3-side borderless, Touch, 10C (6P + 4E) / 16T, P-core up to 4.9GHz, E-core up to 3.6GHz, 24MB,1x 8GB SO-DIMM DDR5-5200,512GB SSD M.2 2280 PCIe 4.0x4 NVMe,Integrated Intel UHD Graphics,1-year, Courier or Carry-in",750
Gaming,,
DGCULNV11L15DI7BX014," (83DV00UPPS) Lenovo LOQ 15 Intel® Core™ i7-13650HX 13Gen Processor (3.60GHz up to 3.90GHz, 24 MB cache, 14 Cores -20 Thread) Ram : 24GB DDR5 4800 MHz ,SSD :512GB NVMe PCIe SSD    ,Graphics Card :NVIDIA GeForce RTX 3050  (6GB DDR6 dedicated)Display: 15.6"" FHD+ (1920x1080)  144Hz IPS-Level Keyboard  White Backlit , DOS English ",850
DGCULNV11L15DI7BX011," (83DV00UKPS) Lenovo LOQ 15 Intel® Core™ i7-13650HX 13Gen Processor (3.60GHz up to 3.90GHz, 24 MB cache, 14 Cores -20 Thread) Ram : 24GB DDR5 4800 MHz ,SSD :512GB NVMe PCIe SSD    ,Graphics Card :NVIDIA GeForce RTX 4060  (8GB DDR6 dedicated)Display: 15.6"" FHD (1920x1080)  144Hz IPS-Level Keyboard  White Backlit , DOS English",1050
DGCULNV11L15DI7BX010,"(83DV00ULPS)LENOVO LOQ 15,I7-13650HX,24GB(2X12GB) 4800 DDR5,512GB SSD,NVIDIA GEFORCE RTX 4050 6GB GDDR6,ENG KB,DOS,1YR CARRYIN",950
DGCULNV11L15DI7BX015,"(83DV00RMAX )  LENOVO LOQ 15,I7-14700HX,16GB(2X8GB) DDE5 5600,512GB SSD,RTX4060 8GB GDDR6,E/A KB,DOS,1YR CI,LUNA GREY",1150
DGCULNV11LP5DI7BX016,"(83DG00GTAX) Lenovo Legion  5 Intel® Core™ i7-14650HX 14Gen Processor (2.20GHz up to 5.2GHz, 30 MB cache, 16 Cores -24 Thread) Ram : 16 GB DDR5 5600 MHz ,SSD :1TB NVMe PCIe SSD    ,Graphics Card :NVIDIA GeForce RTX 4050  (6GB DDR6 dedicated)Display: 16.0"" WQXGA (2560x1600) 2.5K , 165Hz IPS-Level Keyboard  4-Zone RGB Backlit , DOS English/Arabic",1250
DGCULNV11LP5DI7BX014,"(83DF0038PS) LENOVO LEGION PRO5,I7-14650HX,16GB DDR5,1TB SSD,NVIDIA GEFORCE RTX 4060  (8GB DDR6 DEDICATED),DOS,ENG KB",1375
DGCULNV11LP5DI7BX015,"(83DG00GSAX)LENOVO LEGION 5,I7-14650HX,16GB DDR5,1TB SSD,NVIDIA GEFORCE RTX 4060 8GB GDDR6,E/A KB,DOS,1YR CARRYIN",1275
 DGCULNV11LP5DI7BX017,"(83DG00JGPS) Lenovo Legion 5 Intel® Core™ i7-14650HX 14Gen Processor (2.20GHz up to 5.2GHz, 30 MB cache, 16 Cores -24 Thread) Ram : 16 GB DDR5 5600 MHz ,SSD :1TB NVMe PCIe SSD    ,Graphics Card :NVIDIA GeForce RTX 4070  (8GB DDR6 dedicated)Display: 16.0"" WQXGA (2560x1600) 2.5K , 240Hz IPS-Level Keyboard  4-Zone RGB Backlit , DOS English",1675
DGCULNV11LP7DU9BX001,"(83F5005GAX) Lenovo Legion Pro 7 16"" — Intel® Core™ Ultra 9 275HX (14th Gen, 24 cores: 8P + 16E, 2.2 GHz base up to 5.4 GHz, 36 MB cache) 64 GB DDR5‑5600 MHz,2 x 1 TB NVMe PCIe 4.0 SSD, NVIDIA GeForce RTX 5080 (16 GB GDDR7 dedicated),16.0″ WQXGA (2560×1600) OLED, 240 Hz (IPS-level equivalent) Per-key RGB backlit, English layoutDOS English (likely, as per your original format)
Warranty: 1‑Year Carry‑In",3800
DGCULNV11LP7DU9BX002,"(83F5008LAX) LEGION P7 16WQX,Intel Core Ultra 9 275HX, 24C (8P + 16E) / 24T, Max Turbo up to 5.4GHz, 36MB,2x 32GB CSODIMM DDR5-6400,2TB SSD M.2 2280 PCIe 5.0x4 Performance NVMe,NVIDIA GeForce RTX 5090 24GB GDDR7 Boost Clock 2160MHz, TGP 175W, 1824 AI TOPS,1-year, Courier or Carry-in",4200
HP Tower Servers,,
Tower Servers ML30 & ML350,,
DSSUHPE11M30000BX003,"(P65096-421) HPE ProLiant ML30 Gen11 server with one Intel® Xeon® E-2436, 1x 16 GB single rank memory, Embedded Intel VROC SATA software RAID, eight small form factor drive bays, one HPE ProLiant ML30 Gen11 Front PCI Fan and Baffle Kit, one HPE 800W Flex Slot Titanium Hot Plug Low Halogen Power Supply Kit, and 3/3/3 warranty",1750
DSSUHPE11M30000BX004,"(P71385-425)HPE ProLiant ML30 GEN11 Intel® Xeon® E-2414 processor,1x 32 GB dual-rank RAM, integrated Intel VROC Software RAID, four LFF drive slip,, 2x HPE 1 TB SATA 6 G mission critical 7,200 R/min LFF RW 1 year warranty Multivendor hard drive, an HPE ProLiant ML30 Gen10 Plus 350 W Platinum ATX FIO power supply, hot plug capable, low halogen and 3/3/3 warranty",1550
DSSUHPE11M35000BX003,"(P53567-421) HPE ProLiant ML350 Gen11 Silver 4410Y 2.0GHz 12-core 1P 8SFF 1x1000W RPS Server,  HPE 32GB 2Rx8 PC5-4800B-R Smart Kit, HPE MR408i-o storage controller, eight small form factor drive bays, and one 1000W power supply. Default with 1Gb 4p BASE-T OCP Adptr. ,4U Tower, 58.42 x 98.43 x 30.48 cm, 33Kg, 3/3/3 - Server Warranty",3900
DSSUHPE11M35000BX007,"(P71671-425) HPE ProLiant ML350 Gen11 server with one Intel® Xeon® Silver 4510 processor, 2 x 32GB DDR5 RDIMM memory, HPE MR408i-o memory controller, 2 x 960GB SATA SSD, Broadcom BCM5719 Ethernet 1Gb 4-Port BASE-T OCP3 ,eight SFF drive bays, and 2 x HPE 1000W Flex Slot power supply",4500
HP RACK Servers,,
RACK Servers DL20,,
DSSUHPE11D20000BX008,"(P65394-421) HPE ProLiant DL20 Gen11 server with one Intel® Xeon® E-2434 processor, 16 GB memory, two LFF drive bays and one 290W Platinum Power Supply",1450
DSSUHPE11D20000BX006,"( P65396-421 ) HPE ProLiant DL20 Gen10 11 Intel Xeon E-2436, 16GB (1x16GB) DDR5 UDIMM 4 x Hot-Plug LFF Large Form Factor Intel VROC RAID No Optical, 500W, 3yrs NBD Warranty, 1U,  4.32 x 43.46 x 38.22 cm, 7Kg, Server warranty includes 3-years parts, 3-years labor, and 3-years on-site support with next business day response",1650
RACK Servers DL360,,
SS-HPH1100089,"(P55241-B21) HPE ProLiant DL360 Gen10 Plus server with one Intel Xeon 12-core Silver 4310 / 2.1Ghz, 1x 32GB dual rank memory, Broadcom Mega RAID MR416i-a x16 Lanes 4GB Cache NVMe/SAS 12G Controller for HPE Gen10 Plus with HPE 96W Smart Storage Lithium-ion Battery with 145 mm Cable, eight small form factor SAS/SATA/NVMe drive bays, five high performance fans, one HPE 800W Flex Slot Platinum Hot Plug Low Halogen Power Supply, and a 3/3/3 warranty/  4.5 x 44.5 x 77 cm",3650
DSSUHPE11D36000BX013,"(P55274-421) HPE ProLiant DL360 Gen10 Plus server with one Intel® Xeon® Silver 4310 Processor, 32 GB (1x32 GB) Dual Rank Memory, one HPE MR416i-a Gen10 Plus x16 Lanes 4GB Cache NVMe/SAS 12G Controller, Drive Bay(s) for 8 small form factor drives, one HPE ProLiant DL36x Gen10 Plus High Performance Fan Kit, one HPE 800W Flex Slot Titanium Hot Plug Low Halogen Power Supply Kit, and a 3/3/3 warranty",3725
DSSUHPE11D36000BX014,"(P55275-421) HPE ProLiant DL360 Gen10 Plus server with one Intel® Xeon® Silver 4314 Processor, 32 GB (1x32 GB) Dual Rank Memory, one HPE MR416i-a Gen10 Plus x16 Lanes 4GB Cache NVMe/SAS 12G Controller, Drive Bay(s) for 8 small form factor drives, one HPE ProLiant DL36x Gen10 Plus High Performance Fan Kit, one HPE 800W Flex Slot Titanium Hot Plug Low Halogen Power Supply Kit, and a 3/3/3 warranty",3875
DSSUHPE11D36000BX010,"( P77128-425 )  HPE ProLiant DL360 Gen10 Plus 8 SFF rack server with one Intel® Xeon® Silver 4309Y processor,
64GB (2x32GB) memory, HPE SR416i-a Gen10 Plus x16 Lanes 4GB Cache NVMe/SAS 24G Controller, 
2x 480GB SATA SSD Read Intensive, Broadcom BCM5719 Ethernet 1Gb 4-port BASE-T OCP3 ,five standard fans, 2x HPE 800W Flex Slot Titanium Hot Plug Low Halogen Power Supply , and a 3/3/3 warranty",3500
DSSUHPE11D36000BX011,"(P77171-425) HPE ProLiant DL360 Gen10 Plus 8 SFF rack server with one Intel® Xeon® Silver 4309Y processor,     
64GB (2x32GB)  memory, HPE SR416i-a Gen10 Plus x16 Lanes 4GB Cache NVMe/SAS 24G Controller, 
2x HPE 2.4TB SAS 12G Mission Critical 10K  512e SFF HDD, Broadcom BCM5719 Ethernet 1Gb 4-port BASE-T OCP3, five standard fans, 2x HPE 800W Flex Slot Titanium Hot Plug Low Halogen Power Supply, and a 3/3/3 warranty",3900
DSSUHPE11D36000BX004,"( P51930-421 ) HPE ProLiant DL360 Gen11 4410Y 2.0GHz 12-core 1P 32GB-R HPE MR408i-o Gen11 x8 Lanes 4GB Cache OCP SPDM Storage Controller and Smart Storage Battery 8SFF, Broadcom BCM5719 Ethernet 1Gb 4-port BASE-T OCP3 , 1 x 800W PS Server.  3/3/3 warranty. 24.1 x 60 x 99 cm/ 33Kg",3250
DSSUHPE11D36000BX005,"( P51931-421 ) HPE ProLiant DL360 Gen11 Intel® Xeon® Gold 5416S (16 core, 2.0 GHz, 30 MB L3, 150W) 1P 32GB-R HPE MR408i-o Gen11 x8 Lanes 4GB Cache OCP SPDM Storage Controller and Smart Storage Battery 8SFF, Broadcom BCM57416 Ethernet 10Gb 2-port BASE-T Adapter for HPE, Embedded Intel® VROC SATA for HPE ProLiant Gen11,  , 1 x 800W PS Server.  3/3/3 warranty. 24.1 x 60 x 99 cm/ 33Kg",3450
RACK Servers DL380,,
DSSUHPE11D38000BX001,"(P50751-B21) HPE ProLiant DL380 Gen10/ 8-SFF Hot Plug ( Upgradeable To 24 Sff Front + 6sff Rear), / 2U Rack / 1 x 4210R (2.4GHz, 10 core, 100W), 32GB (1 x 32GB) RDIMM Dual Rank 2933MT/s / Optional locking Bezel Kit, Intrusion Detection Kit, and HPE TPM 2.0/ 3 PCIe 3.0, for detailed descriptions reference the Quick Specs /NO HDD, Embedded 4 x 1GbE Network Adapter , P408i-a w/2GB cache , NO DVD,1x HPE 800W Flex Slot Platinum/ 2U Easy Install Rail Kit / 3-3-3/ 15Kg/ 46 x 75 x 9 cm",2700
DSSUHPE11D38000BX010,"( P55246-B21 ) HPE Proliant Dl380 Gen10 Plus Nc Model - 3rd Gen 1x Intel Xeon 12-core Silver 4310 / 2.1Ghz, 32(1x32GB) DDR4 RDIMM, NO HDD ,Smart Array Mr416i-p/4gb With Smart Storage Battery, Broadcom Bcm57412 Eth 10gb 2P SFP+ Ocp3 Adapter, 8sff X1 Tri-mode 24g U.3 Bc, 1x 800W Power Supply  2-way 2u Rack Server. New Cto With Full MFG Warranty and a 3/3/3 warranty/ 8.75 x 44.54 x 71. cm",3250
DSSUHPE11D38000BX005,"( P55247-B21 ) HPE Proliant Dl380 Gen10 Plus Nc Model - 3rd Gen 1x Intel Xeon 16-core Silver 4314 / 2.4 Ghz, 32(1x32)gb Ddr4 Sdram, Smart Array Mr416i-p/4gb With Smart Storage Battery, Broadcom Bcm57412 Eth 10gb 2p Sfp+ Ocp3 Adapter, 8sff X1 Tri-mode 24g U.3 Bc, 1x 800w Ps 2-way 2u Rack Server. New Cto With Full Mfg Warranty and a 3/3/3 warranty/ 8.75 x 44.54 x 71. cm",3750
DSSUHPE11D38000BX016,"( P77170-425) HPE ProLiant DL380 Gen10 Plus 8 SFF rack server with one Intel® Xeon® Silver 4309Y processor, 
64GB (2x32GB) memory, one HPE SR416i-a Gen10 Plus x16 Lanes 4GB Cache NVMe/SAS 24G Controller, six maximum performance fans, 2x 480GB SATA SSD Read Intensive, Broadcom BCM5719 Ethernet 1Gb 4-port BASE-T OCP3, 2x HPE 800W Flex Slot Titanium Hot Plug Low Halogen Power Supply, and a 3/3/3 warranty",3900
DSSUHPE11D38000BX009,"( P52560-421  ) HPE ProLiant DL380 Gen11 4410Y 2.0GHz 12-core 1P 32GB-R HPE MR408i-o Gen11 x8 Lanes 4GB Cache OCP SPDM Storage Controller 8SFF, Broadcom BCM5719 Ethernet 1Gb 4-port BASE-T OCP3  ,HPE 1000W Flex Slot Titanium hot plug power supply Server  3/3/3 warranty  60 x 99.8 x 27.3 cm/ 44Kg",3900
DSSUHPE11D38000BX017,"( P70456-421 ) HPE ProLiant DL380 Gen11 server with one Intel® Xeon® Silver 4509Y Processor, 32GB (1x32GB) Dual Rank Memory, one HPE MR408i-o Gen11 x8 Lanes 4GB Cache OCP SPDM Storage Controller, Drive Bay(s) for 8 small form factor drives, four standard fans, Broadcom BCM5719 Ethernet 1Gb 4-port BASE-T OCP3 ,one HPE 1000W Flex Slot Titanium Hot Plug Power Supply Kit, and a 3/3/3 warranty",4000
DSSUHPE11D38000BX012,"( P52561-421 ) HPE ProLiant DL380 Gen11 8 SFF, Gold 5416S processor, 32GB DDR5 RDIMM memory, Broadcom MR408i-o storage controller, HPE TPM 2.0 standard on motherboard, Broadcom BCM57416 Ethernet 10Gb 2-port BASE-T Adapter for HPE ,and 1x1000W Flex Slot Titanium Hot Plug Power Supply, 3/3/3: Server Warranty includes three years of parts, three years of labor, and three years of onsite support coverage. Dimensions  60 x 99.8 x 27.3 cm, Weight 41.32 kg",4500
DSSUHPE11D38000BX014,"( P52562-421 ) HPE ProLiant DL380 Gen11 4410Y 2.0GHz 12-core 1P 32GB-R Embedded Intel® VROC SATA for HPE ProLiant Gen11 Lanes 4GB Cache OCP SPDM Storage Controller 12 large form factor (LFF) drive bays, HPE TPM 2.0 standard on motherboard, Broadcom BCM5719 Ethernet 1Gb 4-port BASE-T OCP3  ,HPE 1000W Flex Slot Titanium hot plug power supply Server  3/3/3 warranty 60 x 99.8 x 27.3 cm / 48Kg",3450
DSSUHPE11D38000BX021,"(P77242-425) HPE ProLiant DL380 Gen11 Intel Xeon Silver 4514Y 2.0GHz 16c 1P 4 x 32GB-R Memory, 8SFF NS204i-u NC BCM57416                     2x HPE 1000W Flex Slot Titanium Hot Plug Power Supply Kits ,EU Server, 3/3/3 warranty",5250
DSSUHPE11D38000BX019,"(P70458-421) HPE ProLiant DL380 Gen11 server with one Intel® Xeon® Silver 4514Y Processor, 32GB (1x32GB) Dual Rank Memory, one HPE MR416i-p Gen11 x16 Lanes 8GB Cache PCI SPDM Plug-in Storage Controller, Drive Bay(s) for 12 large form factor drives, Broadcom BCM57416 Ethernet 10Gb 2-port BASE-T, four standard fans, one HPE 1000W Flex Slot Titanium Hot Plug Power Supply Kit, and a 3/3/3 warranty 3/3/3 warranty 3/3/3 warranty",4550
DSSUHPE11D38000BX018,"(P60636-421) HPE ProLiant DL380 Gen11 server with one Intel® Xeon® Silver 4416+ Processor, 32GB (1x32GB) Dual Rank Memory, one HPE MR408i-o Gen11 x8 Lanes 4GB Cache OCP SPDM Storage Controller, Drive Bay(s) for 8 small form factor drives, four standard fans, Broadcom BCM57416 Ethernet 10Gb 2-port BASE-T ,one HPE 1000W Flex Slot Titanium Hot Plug Power Supply Kit 3/3/3 warranty",4650
DSSUHPE11D38000BX034,"(P81786-425) HPE ProLiant DL380 Gen11 server with one Intel® Xeon® Silver 4516Y+ Processor, 64 GB (2x32 GB) Dual Rank Memory, HPE MR408i-o Gen11 x8 Lanes 4GB Cache OCP SPDM Storage Controller, Drive Bay(s) for 8 small form factor drives,4x standard fans, 2x HPE 480GB SATA 6G Read Intensive SFF BC Multi Vendor SSDs, Broadcom BCM57416 Ethernet 10Gb 2-port BASE-T ,2x HPE 1000W Flex Slot Titanium Hot Plug Power Supply  3/3/3 warranty",5900
DSSUHPE11D38000BX033,"(P81784-425) HPE ProLiant DL380 Gen11 server with one Intel® Xeon® Gold 5416S Processor, 64GB (2x32GB) Dual Rank Memory, HPE MR408i-o Gen11 x8 Lanes 4GB Cache OCP SPDM Storage Controller, Drive Bay(s) for 8 small form factor drives,2x HPE 480GB SATA 6G Read Intensive SFF BC Multi Vendor SSDs, Broadcom BCM57416 Ethernet 10Gb 2-port BASE-T Adapter ,2x HPE 1000W Flex Slot Titanium Hot Plug Power Supply Kits 3/3/3 warranty",5750
SAN  Storage (StorageAreaNetwork),,
SS-HPH5500146,"( R0Q74B ) HPE MSA 2060 16Gb Fibre Channel SFF Storage 24 x 2.5'', HPE MSA 2060 Small Form Factor chassis with (2) 4-port 16Gb Fibre Channel Controllers",9500
SS-HPH5500145,"( R0Q80B ) HPE MSA 2062 16Gb FC SFF 24 x 2.5'' Strg includes 2x 1.92TB Read Intensive SSDs, One Advanced Data Services LTU (preinstalled on the array), two AC power supplies, two .7m PDU cords (IEC C14), one rack-mount kit.    ",9000
SS-HPH5500147, ( R0Q73B ) HPE MSA 2060 Large Form Factor 12 x 3.5'' chassis with (2) 4-port 16Gb Fibre Channel Controllers,8800
SS-HPH4400070,( R0Q47A ) HPE MSA 1.92TB SAS RI SFF M2 SSD,1100
SS-HPH5500117,( R0Q67A ) HPE MSA 14.4T SAS 10K SFF M2 6pk HDD Bdl,2150
SS-HPH5500118,( C8R24B ) HPE MSA 16Gb SW FC SFP 4pk XCVR,400
B2B-SSHPH5500059,(R0Q57A) MSA 2.4TB SAS 12G Enterprise 10K SFF (2.5in) M2 3yr Wty HDD,500
B2B-SSHPH5500048,R3R30A - HPE MSA 3.84TB SAS 12G Read Intensive SFF M2 SSD,1150
DSSXHPE55MSA000BX001,HPE MSA 10Gb Short Range iSCSI SFP+ 4-pack Transceiver,475
HP SERVER CPU,,
SS-GEN2200050,"(P02491-B21) HPE DL380 Gen10 Xeon-S 4208  (2.10GHz 11M Cache, 8C) Processor Kit ",500
SS-GEN2200048,"(P02498-B21) HPE DL380 Gen10 Intel Xeon-G 5218 (2.30GHz 22M Cache, 16C) Processor Kit  ",900
SS-HPH5500191, ( P49610-B21 )  INT Xeon-S 4410Y CPU for HPE,700
DSSUGEN22INT000BX065, ( P49653-B21 ) INT Xeon-G 5416S CPU for HPE,1300
HP Server Memory,,
SS-HPH3300024,( P43019-B21 ) HPE 16GB (1x16GB) Single Rank x8 DDR4 ML30 G10 Plus,140
DSSUHPH3316G000BX007,(P00922-B21/ P00920-B21 ) HPE 16GB 2Rx8 PC4-2933Y-R Smart Kit,130
SS-HPH3300017,(P03050-091)HP 16GB 2RX8 PC4-3200 RDIMM,140
SS-HPH3300089,(P43322-B21)HPE 16GB 1Rx8 PC5-4800B-R Smart Kit,190
SS-HPH3300012,(P00924-B21 ) HPE 32GB 2RX4 PC4-2933Y-R Smart Kit ,230
SS-HPH3300010,(P03052-091) HPE 32GB 2Rx4 PC4-3200 RDIMM,275
SS-HPH3300023,(P06033-B21) HPE 32GB (1x32GB) Dual Rank x4 DDR4-3200,275
SS-HPH3300028,( P43328-B21 ) HPE 32GB 2Rx8 DDR5-4800,300
SS-HPH3300015,(P00930-B21) HPE 64GB 2Rx4 DDR4-2933 Memory kit,325
SS-HPH3300088,(P06035-B21) HPE 64GB 2Rx4 PC4-3200AA-R SMART Kit,340
SS-HPH3300029,( P43331-B21 ) HPE 64GB 2Rx4 PC5-4800B-R Smart Kit,475
HP Server Hard Drives,,
SS-HPH4400065,( 861681-B21 ) HPE 2TB 3.5" SATA 7.2K LFF LP DS,190
SS-HPH4400003,( 872475-B21 ) HPE 300GB 12G SAS 10K Rpm SFF 2.5in SC Hard Disk,150
SS-HPH4400071,( P40430-B21 ) HPE 300GB SAS 10K SFF BC MV HDD for G10 Plus servers ,165
DSSUHPH44300000BX002,( 759208-B21) HPE 300GB 12G SAS 15K Rpm SFF (2.5-inch) SC Enterprise Hard Drive,165
SS-HPH4400085,(870753-B21)HPE 300GB SAS 12G Mission Critical 15K SFF SC,170
SS-HPH4400007,(872477-B21) 600GB 12G SAS 10K SFF SC DS HDD,195
SS-HPH4400015,( 759212-B21 ) HPE 600GB SAS 12G Enterprise 15K (2.5 in) SC HDD,245
SS-HPH4400078,(870757-B21) HP 600GB SAS 15K 2.5" HDD,255
SS-HPH4400036,HP 900GB SAS 12G 15K 2.5" SFF 512e Hard Drive,330
SS-HPH4400084,(870759-B21)HPE 900GB SAS 12G Mission Critical 15K SFF SC 3-year Warranty,350
DSSXHPH44122000BX010,(872479-B21)  1.2TB 12G SAS 10K SFF SC DS HDD,210
SS-HPH4400072,( P28586-B21 ) HPE 1.2TB SAS 10K SFF BC MV HDD for G10 Plus & G11 servers ,245
SS-HPH4400010,( 881457-B21) HPE 2.4TB SAS 12G 10K SFF SC 512e DS HDD ,320
SS-HPH4400075,( P28352-B21) HPE 2.4TB SAS 12G Mission Critical 10K SFF 3-year Warranty 512e MV HDD  G10 Plus & G11 servers ,375
SS-HPH4400086,(P18420-B21) HPE 240GB SATA RI SFF SC DS SSD HDD ,240
SS-HPH4400054,(P18432-B21) HPE 480GB SATA MU SFF SC MV SSD,325
SS-HPH4400091,(P40502-B21) HPE 480GB SATA 6G Mixed Use SFF BC Multi Vendor SSD for DL 380 G10 Plus,330
SS-HPH4400081,( P18422-B21 ) HPE 480GB SATA RI SFF SC MV SSD - Gen10,250
SS-HPH4400016,(P40497-B21) HPE 480GB SATA MU SFF SC MV SSD for DL 380 G10 Plus,300
DSSUHPH44480000BX005,(P47807-B21) HPE 480GB SATA RI LFF SCC MV S,250
SS-HPH4400022,( P18424-B21 ) HPE 960GB SATA 6G Read Intensive SFF (2.5in) SC SSD,350
SS-HPH4400055,( P40498-B21) HPE 960GB SATA 6G Read Intensive SFF (2.5in) SC SSD for DL 380 G10 Plus,370
SS-HPH5500169,( P40503-B21 ) HPE 960GB SATA 6G Mixed Use SFF BC Multi Vendor SSD DL 380 G11,425
SS-HPH4400089,(P40499-B21)HPE 1.92TB SATA RI SFF BC MV SSD,500
DSSUHPH44196000BX003,(P18426-B21)HPE 1.92TB SATA 6G RI SFF SC MV SSD,500
SS-HPH4400030,( 872487-B21 )HPE 4TB SAS 12G Midline 7.2K LFF (3.5in) SC 1yr Wty Digitally Signed Firmware HDD,300
SS-HPH4400073,( 819201-B21 )HPE 8TB SAS 12G  7.2K LFF (3.5in) SC 1yr Wty  HDD,400
SS-HPH4400093,(881779-B21) HPE 12TB SAS 7.2K LFF SC,600
HP Server Power Supplies,,
SS-HPH5500012,(865408-B21) HP 500W Flex Slot Platinum Hot Plug Power Supply Kit,175
SS-HPH5500037,(865414-B21 ) HPE power Supply 800W hot plug for Dl 380 G10 server,200
SS-HPH5500130,( P38995-B21 ) HPE 800W Flex Slot Platinum Hot Plug Low Halogen Power Supply Kit DL 380 G10 Plus server,220
SS-HPH5500186, ( P03178-B21 ) HPE 1000W FS Titanium  Hot Plug PS Kit,325
HP Cards,,
SS-HPH5500022,(826708-B21 ) & (726537-B21) HPE DL38X Gen10 Universal Media Bay + HPE 9.5mm SATA DVD-RW Optical Drive,250
SS-HPH5500192, ( P47223-B21 ) HPE ProLiant ML350 Gen11 Standard Heat Sink Kit,300
SS-HPH5500193, ( P47902-B21 ) HPE ProLiant ML350 Gen11 Second CPU Fan Kit,175
SS-HPH5500194, ( P49145-B21 ) HPE DL380 Gen11 Std Heat Sink Kit,90
SS-HPH5500195, ( P49146-B21 ) HPE DL380 Gen11 Std Fan Kit,120
B2B-SSHPH5500044,(P37034-B21)HPE DL380 GEN10+ STND HEATSINK KIT,90
SS-HPH5500004,FAN FOR DL380 GEN10,50
SS-HPH5500038,Heat sink and 2 Fans for DL380 G10,150
SS-HPH5500114,HPE Ethernet 1Gb 4-port 366FLR Adapter,150
SS-HPH5500158,(P51178-B21) HPE BCM 5719 1Gb 4p BASE-T Adptr,150
SS-HPH5500024,(647594-B21) HPE Ethernet 1Gb 4-port BASE-T BCM5719 Adapter,150
SS-HPH5500026,(652503-B21) HPE Ethernet 10Gb 2P 530SFP+ Adapter High Profile,230
SS-HPH5500159,( 813661-B21 ) HPE Ethernet 10Gb 2-port BASE-T BCM57416 Adapter,375
SS-HPH5500160,( P26253-B21 ) HPE BCM 57416 10GbE 2p BASE-T Adpt,375
SS-HPH5500019,(665249-B21) HPE Ethernet 10Gb 2P 560SFP+ Adapter High Profile,220
SS-HPH5500028,( 455883-B21 ) HPE BLc 10G SFP+ SR Transceiver,90
SS-HPH5500134,( 867707-B21) HPE Ethernet 10Gb 2-port BASE-T QL41401-A2G Adapter. Gen 10,375
SS-HPH5500034,(P9D93A) HPE SN1100Q 16Gb 1P FC HBA High Profile,750
SS-HPH5500104,(P9D94A) HPE SN1100Q 16Gb 2P FC HBA High Profile,850
B2B-SSHPH5500028,QK734A - HPE Premier Flex LC/LC Multi-Mode OM4 2 Fiber 5M Cable,120
DSSUHPH55NTC000BX016,(P28787-B21) INTEL X710-DA2 ETHERNET 10GB 2-PORT SFP+ ADAPTER FOR HPE,300
DSSUHPH55OTH000BX018,(P08449-B21 )INTEL I350-T4 ETHERNET 1GB 4-PORT BASE-T OCP3 ADAPTER FOR HPE,220
DSSUHPH55OTH000BX011,HPE SN1610Q 32GB 2-Port Fibre Channel Host Bus Adapter,1850
SS-HPH5500132,HPE HEATSINK + 2FAN FOR DL380 G10+,150
DSSUHPH55CAD000BX002,DL380 G10+ CADDY,30
DSSUHPH55CAD000BX001,HP DL380 G10 CADDY 2.5",30
SS-DEL5500264,HPE BCM 57412 10GbE 2p SFP+ OCP3 Adptr,300
HP Win Server,,
SS-DEL5500129,(BUN-P73-07788) Microsoft WINDOWS SERVER STANDARD 2019 16 CORE ,790
SS-DEL5500161,(P73-08328) Windows Svr Std 2022 64Bit English 1pk DSP OEI 16 Core,950
SS-HPH5500154,(  P46171-A21) Microsoft Windows Server 2022 (16-Core) Standard ROK EU Software,875
SS-HPH5500009,(  BD505A ) HPE iLO Advanced 1-server License with 3yr Support on iLO Licensed Features ,325
DEEUHPH55ILO000BX002,(512485-B21) HPE ILO ADVANCED 1-SERVER LICENSE WITH 1YR SUPPORT ON ILO LICE,250
MICROSOFT OS & SOFTWEAR,,
EE-MST1100030,(FQC-10528)  Windows 11 Pro 64Bit Eng Intl 1pk DSP OEI DV,145
DEEUMST11O24000AC001,(EP2-06634) OFFICE HOME AND BUSINESS 2024 ENGLISH,225
New ,"Windows Server 2022,Standard,MICROSOFT ",950
New ,"Windows Server 2025,Standard,MICROSOFT ",1000
ASUS Desktop & LED,,
BB-ASU1100002,"( VP228HE ) ASUS VP228HE, 21.5'' FHD (1920x1080) monitor, 1ms, HDMI, D-Sub , Low Blue Light, Flicker Free, TUV certified",115
AA-ASU5500001,ASUS KEYBOARD+MOUSE – WIRELESS ,40
AA-ASU1124D701,"(V241EAK-WA045D)AIO,V241,23.8F,i7-1165G7,16GB,512GB,DOS",750
Lenovo Desktops,,
NEW,"Neo 50t G3,i5-12400,4GB DDR4,1TB 7200rpm,Integrated,No OS, ,DVD±RW, , ,3-in-1 Card Reader,,,, Parallel Port, ,Internal Speaker,2-in-1 CPU fan,,USB CLP ARA,USB CLP MOUSE,PUB_FRA/ARA/ENG,1Yr Carry-in,  , ",450
NEW,"Neo 50t G3,i7-12700,4GB DDR4,1TB 7200rpm,Integrated,No OS, ,DVD±RW, , ,3-in-1 Card Reader,,,, Parallel Port, ,Internal Speaker,2-in-1 CPU fan,,USB CLP ARA,USB CLP MOUSE,PUB_FRA/ARA/ENG,1Yr Carry-in,  ,",550
NEW ,"12DR0027GR / 12DR002RGP M70t G4,TWR,,i7-13700,8GB DDR4,512GB SSD M.2 2280,NVMe G4,Integrated,No OS,No DVD,HD Cam & Dual Mic, ,Internal Speaker,,,USB TRD ARA,USB CLP,MOUSE,PUB_FRA/ARA/ENG,1Yr Carry-in, ,",650
NEW ,"12U6005LGR - M70t G5,TWR, ,i5-13400,8GB DDR5,512GB SSD M.2 2280 NVMe G4,Integrated,No OS,No DVD, ,Intel AX211 2x2AX_6E+BT, , , , , ,  ,Internal Speaker, , ,USB TRD ARA,USB CLP MOUSE,PUB_FRA/ARA/ENG,1Yr Carry-in,  ,  ",500
NEW ,"12U6006VGP M70t G5,TWR, ,i7-13700,8GB DDR5,512GB SSD M.2 2280 NVMe G4,Integrated,No OS,No DVD, ,Intel AX211 2x2AX_6E+BT, , , , , ,  ,Internal Speaker, , ,USB TRD UK-ENG,USB CLP MOUSE,PUB_FRA/ARA/ENG,1Yr Carry-in,  ,",600
Lenovo  AIO ,,
NEW ,"12JM0019GP - M90a Pro Gen4,27"" QHD Non-Touch, ,i7-13700,16GB DDR5,512GB SSD M.2 2280 NVMe G4p,Integrated,Win 11 Pro 64,DVD±RW,5MP IR Cam,Intel AX211 2x2AX_6E+BT,3-in-1 Card Reader, ,Full Function Stand, , ,  ,Internal Speaker, , ,Wireless CLP UK-ENG K&M, ,PUB_FRA/ARA/ENG,3Yr On-site,HDMI-In , 1Y Premier Support",1400
NEW ,"12SL0006GP -  M90a G5,23.8"" Multi-Touch, ,i7-14700,16GB DDR5,512GB SSD M.2 2280 NVMe G4,Integrated,Win 11 Pro 64,DVD±RW,5MP IR Cam,Intel AX211 2x2AX_6E+BT,3-in-1 Card Reader, ,Full Function Stand, , ,  ,Internal Speaker, , ,USB TRD UK-ENG,USB CLP MOUSE,PUB_FRA/ARA/ENG,1Yr On-site,HDMI-In , 3Y On-site",1300
NEW ,"12SL0009GP - M90a G5,23.8"" Non-Touch, ,i7-14700,16GB DDR5,512GB SSD M.2 2280 NVMe G4,Integrated,Win 11 Pro 64,DVD±RW,5MP IR Cam,Intel AX211 2x2AX_6E+BT,3-in-1 Card Reader, ,Full Function Stand, , ,  ,Internal Speaker, , ,USB TRD UK-ENG,USB CLP MOUSE,PUB_FRA/ARA/ENG,1Yr On-site,HDMI-In , 3Y On-site",1200
Lenovo  Tiny ,,
NEW ,"12LN003PGP.    Neo50q. Tiny. I5 13420H. 8gb. 512gb,VESA Mount, ,  ,Internal Speaker, ,135W Adapter,USB TRD UK-ENG,USB CLP MOUSE,PUB_FRA/ARA/ENG,1Yr Carry-in,",500
NEW,"12E3002RGP -  M70q G4 Tiny,Tiny, ,i7-13700T,8GB DDR4,512GB SSD M.2 2280 NVMe G4,Integrated,No OS,No DVD, ,RTL8852BE 2x2AX+BT, , , ,VESA Mount, ,  ,Internal Speaker, ,135W Adapter,USB TRD UK-ENG,USB CLP MOUSE,PUB_FRA/ARA/ENG,1Yr Carry-in,  ,  ",600
NEW,"12TH0020GP - M90q G5 Tiny,Tiny, ,i7-14700T,8GB DDR5,512GB SSD M.2 2280 NVMe G4,Integrated,Win 11 Pro 64,No DVD, , , , , ,VESA Mount, ,  ,Internal Speaker, ,135W Adapter,USB TRD UK-ENG,USB CLP MOUSE,PUB_FRA/ARA/ENG,1Yr On-site,  , 3Y On-site",950
NEW,"12TH0024GP -  M90q G5 Tiny,Tiny, ,i5-14500T,8GB DDR5,512GB SSD M.2 2280 NVMe G4,Integrated,Win 11 Pro 64,No DVD, ,Intel AX211 2x2AX_6E+BT, , , ,VESA Mount, ,  ,Internal Speaker, ,90W Adapter,USB TRD UK-ENG,USB CLP MOUSE,PUB_FRA/ARA/ENG,1Yr On-site,  , 3Y On-site ",850
Lenovo Workstation,,
DAAULNV11P30WI7BX001,"(30GS000TAX)LENOVO P3 TOWER,I7-13700,16GB,512GB,E/A KB,WIN11,3YW ONSITE",1200
DAAULNV11P30WI7BX003,"(30GS00BDAX)P3 TOWER,I7-14700,16G DDR5, 512GB SSD,WIN11,E/A KB, 3YRS ONSITE",1300
DCCULNV11P14WI7BX004,"(21G20033GR)P14S G5,ULTRA 7 155H,1X16GB, 512GB SSD,WIN11,E/A KB,3YRS CI",1800
DCCULNV11P14WU7BX001,"(21G20003GR) P14S G5,ULTRA 7 155H,16GB,512GB SSD,4GB,WIN11,E/A KB,3YRS CI",1700
DCCULNV11P16WU7BX001,"(21KS000RGR)THINKPAD P16S GEN3,7-155H,16GB,512GB,RTX 500 4GB,W11,E/A KB,3YR",1800
LENOVO LED,,
BB-LNV1100001," Lenovo D19-10 18.5''HD (VGA,HDMI) 1YR",85
BB-LNV1100012,"MNT-Lenovo 21.5""-  L22e 30, (1920*1080),HDMI,VGA",90
DBBULNV11L22000BX003," 67AEKACBAE - Lenovo L22i-40 22 inch FHD Gaming Monitor Eyesafe 2.0 (IPS Panel, 75Hz, 4ms, HDMI, VGA, FreeSync™, Speakers, Metal Stand with Phone Holder) - Tilt Stand",75
DBBULNV11L24000BX004,"67BCKAC6AE -  Lenovo L24i-4A ,23.8 inch ,FHD | IPS | 4ms | 100Hz (HDMI) | VGA + HDMI | FreeSync | 4Side Borderless | Metal Stand |2X3W Speakers | New Artery SW|NLBL+EyeSafe2.0,  Phone holder ,Cloud Grey color .",95
DBBULNV11L27000BX006,"67BEKAC1AE - Lenovo L27i-4A ,27 inch ,FHD | IPS | 1ms | 100Hz (HDMI) | VGA + HDMI | FreeSync | 4Side Borderless | Metal Stand |2X3W Speakers | New Artery SW|NLBL+EyeSafe2.0 ,  Phone holder ,Cloud Grey color . ",130
DBBULNV11T24000BX002,(63CFMATXUK)Lenovo ThinkVision T24i-30 24 inch FHD Monitor,175
DBBULNV11T27000BX001,"(63A4MAT1UK)T27i-30 27"" Monitor,IPS panel,1920 x 1080,3yrs",200
DBBULNV11S22000BX002 ,"63FCKATBUK) LENOVO S22I-30,21.5"",1920X1080,HDMI,MONITOR,3YRS",90
DBBULNV11S24000BX002,(63DEKAT3UK) LENOVO S24I-30 23.8" MONITOR 3 YRS,100
DBBULNV11S27000BX001,"63DFKAT4UK -  S27i-30 27.0'' Monitor, IPS panel , 1920 x 1080,  Input connectors- VGA + HDMI 1.4 ,Cables included - HDMI, 3 Years warranty",120
DBBULNV11Y27000BX001,"(66F8GAC3UK)LENOVO LEGION Y27-30 27 INCH, FHD (1920X1080) IPS DISPLAY,",250
LENOVO - Servers,,
DSSULNV11ST5000BX004,"(7D8JA045EA)ST50 V2,E-2324G,2x1TB,1x16GB, 500W 94% Efficiency,No DVD,3YRS",850
DSSULNV11SR2000PH001,"( 7D7QA031EA ) SR250 V2 Xeon E-2314, 1x32GB, O/B, 2.5"" HS (8), 5350-8I, HS 450W Titanium,",900
DSSULNV11SR2000BX001,"( 7D7QA031EA )  SR250 V2 Xeon E-2378 (8C 2.6GHz 16MB Cache/65W), 1x32GB, O/B, 2.5"" HS (8), 5350-8I, HS 450W Titanium, XCC Enterprise, Rails",1400
DSSULNV11SR6000BX003,"( 7Z73A06BEA ) Lenovo SR650 V2 Xeon Silver 4314 (16C 2.4GHz 24MB Cache/135W), 32GB (1x32GB, 3200MHz 2Rx4 RDIMM), 8 SAS/SATA, 9350-8i, 1x750W Platinum, 5 Standard Fans, XCC Enterprise, Toolless V2 Rails",2600
DSSULNV11SR6000BX004,"( 7D76A02QEA ) Server SR650 V3 Xeon Silver 4410Y (12C 2.0GHz 30MB Cache/150W), 64 GB (1x64GB, 4800MHz 2Rx4 DDR5 RDIMM), 8 SAS/SATA, 940-8i 4G, 1x1100W Titanium, 5 Standard Fans, XCC Platinum ",2600
DSSULNV11SR6000BX007,"( 7D76A05JEA ) Lenovo SR650 V3 Xeon Silver 4510 (12C 2.4GHz 30MB Cache/150W), 64GB (1x64GB, 4800MHz 2Rx4 DDR5 RDIMM), 8 SAS/SATA, 940-8i, 1x1100W Titanium, 5 Standard Fans, XCC2 Platinum, Toolless V2 Rails",2850
DSSULNV11SR6000BX008,"( 7D76A06HEA ) SR650 V3 Xeon Silver 4514Y (16C 2.0GHz 30MB Cache/150W), 64GB (1x64GB, 5600MHz 2Rx4 DDR5 RDIMM), 8 SAS/SATA, 9350-8i, 1x1100W Titani um, 5 Standard Fans, XCC2 Platinum, Toolless V2 Rails",3100
LENOVO  Options,,
DSSULNV44245000BX002,( 7XB7A00069 ) ThinkSystem 2.5" 2.4TB 10K SAS 12Gb Hot Swap 512e HDD,350
DSSULNV44960000BX002,(4XB7A82260) LENOVO 2.5" 5400 PRO 960GB SATA 6GB SSD,250
DSSULNV22INT000BX001,(4XG7A37981) ThinkSystem SR590/SR650 Intel Xeon Silver 4210R 10C  2.4GHz Processor Option Kit w/o FAN,750
DSSULNV44204000BX001,Lenovo 2 TB Hard Drive - 3.5" Internal - SATA (SATA/600),90
DSSULNV55PSU000BX003,( 4P57A75972 ) ThinkSystem V2 750W(230V/115V) Platinum Hot-Swap Power Supply v2,190
DSSULNV55PSU000BX004,( 4P57A72666 ) ThinkSystem 1100W 230V Titanium Hot-Swap Gen2 Power Supply SR650 V3,250
4L67A08366,"2.8m, 10A/100-250V, C13 to IEC 320-C14 Rack Power Cable",90
DSSULNV55NTC000BX001,( 4XC7A08235 ) ThinkSystem Broadcom 5719 1GbE RJ45 4-port OCP Ethernet Adapter,150
DSSULNV3316G000BX002,(4ZC7A08708) ThinkSystem 16GB TruDDR4 2933MHz (2Rx8 1.2V) RDIMM,145
DSSULNV55CAD000BX001,2.5" SAS TRAY CADDY FOR LENOVO THINK SYSTEM SR650 WSCREW,75
DSSULNV55OTH000BX010,ThinkSystem RAID 9350 - 8i 2Gb,350
DSSULNV55OTH000BX011,( 4XC7A08242 ) ThinkSystem Broadcom 57454 10/25GbE SFP28 4-port OCP Ethernet Adapter,325
DSSULNV44480000BX001,( 4XB7A82287 ) ThinkSystem M.2 5400 PRO 480GB Read Intensive SATA 6Gb NHS SSD,180
DSSULNV44480000BX002,( 4XB7A82259 ) ThinkSystem 2.5" 5400 PRO 480GB Read Intensive SATA 6Gb HS SSD,200
DSSULNV55OTH000BX012,( 7ZT7A00484 ) ThinkSystem Broadcom 5719 1GbE RJ45 4-Port PCIe Ethernet Adapter,150
DSSULNV55OTH000BX013,( 7ZT7A00537 ) ThinkSystem Intel X710-DA2 PCIe 10Gb 2-Port SFP+ Ethernet Adapter,320
DSSULNV55OTH000BX008,( 01CV840 ) Emulex16GbGen6FCDual-port HBA,650
DSSULNV3364G000BX001,( 4X77A77032 ) ThinkSystem 64GB TruDDR5 4800MHz (2Rx4) 10x4 RDIMM,400
DSSULNV44960000BX003,( 4XB7A17102 ) ThinkSystem 2.5" S4520 960GB Read Intensive SATA 6Gb HS SSD,325
DSSULNV55OTH000BX015,(4XC7A08238)THINKSYSTEM BROADCOM 57414 10/25GBE SFP28 ETHERNET ADAPTERS,275
DSSULNV55OTH000BX016,(46C3447)LENOVO 10GBASE-SR SF,90
DSSULNV44960000BX001,(4XB7A38273)960GB ENTRY SATA 6GB HOT SWAP SSD,250
DSSULNV44480000BX003,(4XB7A82289)THINKSYSTEM 2.5" 5400 MAX 480GB MIXED USE SATA 6GB HS SSD,195
DSSULNV44102000BX001,THINKSYSTEM 1TB SATA 6GBPS 3.5,50
DSSULNV55OTH000BX007,(4F17A14497)LENOVO THINKSYSTEM SR650 V2 STANDARD FAN OPTION KIT,90
DSSULNV55OTH000BX017,(4XH7A61079)THINKSYSTEM SR650 V2/SR665 X16/X8/X8 PCIE G4 RISER1/2 OPTION KIT V2,120
DSSULNV55OTH000BX018,(4XH7A82896)THINKSYSTEM V3 2U X16/X8/X8 PCIE G4 RISER 1/2 OPTION KIT,90
